Workbook
Name ViewYear: 'Skill Matrix'!$B$3
Name EmployeeList: 'Employees'!$B$6:INDEX('Employees'!$B$6:$B$21,COUNTA('Employees'!$B$6:$B$21))
Name SkillNameList: 'Skills'!$B$6:INDEX('Skills'!$B$6:$B$21,COUNTA('Skills'!$B$6:$B$21))
Name YearList: 'Years'!$B$8:INDEX('Years'!$B$8:$B$23,COUNTA('Years'!$B$8:$B$23))
Name ViewModeList: 'Lists'!$C$6:$C$8
Name DepartmentList: 'Lists'!$A$6:INDEX('Lists'!$A$6:$A$21,COUNTA('Lists'!$A$6:$A$21))
Name DeptFilterList: 'Lists'!$E$6:INDEX('Lists'!$E$6:$E$22,COUNTA('Lists'!$E$6:$E$22))
Name TargetRating: 'Settings'!$B$6
Name CalendarYear: 'Settings'!$B$9
Name DataEmployee: 'Data'!$A$2:$A$4097
Name DataDept: 'Data'!$B$2:$B$4097
Name DataSkill: 'Data'!$C$2:$C$4097
Name DataYear: 'Data'!$E$2:$E$4097
Name DataRating: 'Data'!$F$2:$F$4097
Name LatestYear: 'Calc'!$B$1
Name PreviousYear: 'Calc'!$B$2
Name ViewMode: 'Dashboard'!$B$5
Name DashFromYear: 'Dashboard'!$D$5
Name DashToYear: 'Dashboard'!$F$5
Name DeptFilter: 'Dashboard'!$B$6
Name SkillSetFilter: 'Dashboard'!$D$6
Name EmpFilter: 'Dashboard'!$F$6

Sheet How to Use
A1: Company logo | C1: How to Use | D1: Skill Matrix | E1: Dashboard | F1: Employees | G1: Skills | H1: Years | I1: Lists | J1: Settings
C2: How to use this skill matrix
A3: Skill Matrix is this year's grid. On Dashboard, start with Look at: Team, Skillsets, or Individual. Insert a company logo once in the top-left box (Insert > Pictures > Place in Cell). It appears on every tab. Ratings is hidden until you Unhide it.
A5: 1. This year's crew grid | G5: 2. Dashboard — pick what to look at
A6: Open Skill Matrix. Each row is one person. Each column is one skillset, coloured 1 (red) to 5 (green). Overall is that person's average. The highest overall is highlighted in gold. Only this calendar year is shown (or pick another year at the top). To type 1-5: right-click a sheet tab, Unhide, choose Ratings. Then Hide it again when you are done. | G6: Look at: Team, Skillsets, or Individual. Then pick From year and To year. Team — year-on-year overall ratings (optionally one department). Skillsets — pick a skill in the Skillset dropdown. Everyone is ranked on that job. Top row is the best candidate. Individual — pick a person in the Employee dropdown. That person vs themselves on each skillset.
A16: 3. Add people and skillsets | G16: 4. Ratings (hidden) and new years
A17: Employees — next yellow row. Type the name, pick Department (Vision, Sound, Lighting, Staging), fill Hire date. Skillsets — next yellow row on Skills. Every person gets a rating row, and Dashboard can rank who is strongest on it. Lists — departments only. Keep using this file as you add people and scores. A newly generated workbook would not include them unless you copy the data across (see README). | G17: Ratings holds every year. It is hidden so the tabs stay simple. Recall it: right-click any sheet tab > Unhide > Ratings. Hide it the same way when finished. Years 2023-2034 are already columns. To add 2035 or later, type it on Years in the next yellow row.
A26: Rating scale
A27: 1 Beginner | C27: 2 Basic | E27: 3 Competent | G27: 4 Proficient | I27: 5 Expert
A28: Little or no hands-on experience. Needs close guidance. | C28: Can complete simple tasks with help or a checklist. | E28: Works independently on standard tasks. Meets the target. | G28: Handles complex work and can coach others. | I28: Go-to specialist. Sets the standard for the team.
A31: Microsoft 365 / Excel 2021+ is recommended (MAXIFS, SUMIFS, LOOKUP). Ratings is hidden (Unhide from a sheet tab). Data/Calc stay hidden — do not edit those.

Sheet Skill Matrix
A1: ='How to Use'!A1 | C1: How to Use | D1: Skill Matrix | E1: Dashboard | F1: Employees | G1: Skills | H1: Years | I1: Lists | J1: Settings
C2: Crew skill matrix | G2: This year's scores only. Compare years on the Dashboard.
A3: Year | B3: =CalendarYear | C3: Each skill is coloured 1 (red) to 5 (green). Overall is the average for this year. The highest overall is highlighted. Compare years on the Dashboard. To type 1-5: right-click a sheet tab, Unhide, choose Ratings.
A4: Employee | B4: Department | C4: Overall | D4: =IF('Skills'!B6="","",'Skills'!C6) | E4: =IF('Skills'!B7="","",'Skills'!C7) | F4: =IF('Skills'!B8="","",'Skills'!C8) | G4: =IF('Skills'!B9="","",'Skills'!C9) | H4: =IF('Skills'!B10="","",'Skills'!C10) | I4: =IF('Skills'!B11="","",'Skills'!C11) | J4: =IF('Skills'!B12="","",'Skills'!C12) | K4: =IF('Skills'!B13="","",'Skills'!C13) | L4: =IF('Skills'!B14="","",'Skills'!C14) | M4: =IF('Skills'!B15="","",'Skills'!C15) | N4: =IF('Skills'!B16="","",'Skills'!C16) | O4: =IF('Skills'!B17="","",'Skills'!C17) | P4: =IF('Skills'!B18="","",'Skills'!C18) | Q4: =IF('Skills'!B19="","",'Skills'!C19) | R4: =IF('Skills'!B20="","",'Skills'!C20) | S4: =IF('Skills'!B21="","",'Skills'!C21)
D5: =IF('Skills'!B6="","",'Skills'!B6) | E5: =IF('Skills'!B7="","",'Skills'!B7) | F5: =IF('Skills'!B8="","",'Skills'!B8) | G5: =IF('Skills'!B9="","",'Skills'!B9) | H5: =IF('Skills'!B10="","",'Skills'!B10) | I5: =IF('Skills'!B11="","",'Skills'!B11) | J5: =IF('Skills'!B12="","",'Skills'!B12) | K5: =IF('Skills'!B13="","",'Skills'!B13) | L5: =IF('Skills'!B14="","",'Skills'!B14) | M5: =IF('Skills'!B15="","",'Skills'!B15) | N5: =IF('Skills'!B16="","",'Skills'!B16) | O5: =IF('Skills'!B17="","",'Skills'!B17) | P5: =IF('Skills'!B18="","",'Skills'!B18) | Q5: =IF('Skills'!B19="","",'Skills'!B19) | R5: =IF('Skills'!B20="","",'Skills'!B20) | S5: =IF('Skills'!B21="","",'Skills'!B21)
A6: =IF('Employees'!B6="","",'Employees'!B6) | B6: =IF(A6="","",'Employees'!C6) | C6: =IF($A6="","",IFERROR(ROUND(AVERAGE(D6:S6),2),"")) | D6: =IF(OR($A6="",D$5="",ViewYear=""),"",IF(SUMIFS(DataRating,DataEmployee,$A6,DataSkill,D$5,DataYear,ViewYear)=0,"",SUMIFS(DataRating,DataEmployee,$A6,DataSkill,D$5,DataYear,ViewYear))) | E6: =IF(OR($A6="",E$5="",ViewYear=""),"",IF(SUMIFS(DataRating,DataEmployee,$A6,DataSkill,E$5,DataYear,ViewYear)=0,"",SUMIFS(DataRating,DataEmployee,$A6,DataSkill,E$5,DataYear,ViewYear))) | F6: =IF(OR($A6="",F$5="",ViewYear=""),"",IF(SUMIFS(DataRating,DataEmployee,$A6,DataSkill,F$5,DataYear,ViewYear)=0,"",SUMIFS(DataRating,DataEmployee,$A6,DataSkill,F$5,DataYear,ViewYear))) | G6: =IF(OR($A6="",G$5="",ViewYear=""),"",IF(SUMIFS(DataRating,DataEmployee,$A6,DataSkill,G$5,DataYear,ViewYear)=0,"",SUMIFS(DataRating,DataEmployee,$A6,DataSkill,G$5,DataYear,ViewYear))) | H6: =IF(OR($A6="",H$5="",ViewYear=""),"",IF(SUMIFS(DataRating,DataEmployee,$A6,DataSkill,H$5,DataYear,ViewYear)=0,"",SUMIFS(DataRating,DataEmployee,$A6,DataSkill,H$5,DataYear,ViewYear))) | I6: =IF(OR($A6="",I$5="",ViewYear=""),"",IF(SUMIFS(DataRating,DataEmployee,$A6,DataSkill,I$5,DataYear,ViewYear)=0,"",SUMIFS(DataRating,DataEmployee,$A6,DataSkill,I$5,DataYear,ViewYear))) | J6: =IF(OR($A6="",J$5="",ViewYear=""),"",IF(SUMIFS(DataRating,DataEmployee,$A6,DataSkill,J$5,DataYear,ViewYear)=0,"",SUMIFS(DataRating,DataEmployee,$A6,DataSkill,J$5,DataYear,ViewYear))) | K6: =IF(OR($A6="",K$5="",ViewYear=""),"",IF(SUMIFS(DataRating,DataEmployee,$A6,DataSkill,K$5,DataYear,ViewYear)=0,"",SUMIFS(DataRating,DataEmployee,$A6,DataSkill,K$5,DataYear,ViewYear))) | ... S6: =IF(OR($A6="",S$5="",ViewYear=""),"",IF(SUMIFS(DataRating,DataEmployee,$A6,DataSkill,S$5,DataYear,ViewYear)=0,"",SUMIFS(DataRating,DataEmployee,$A6,DataSkill,S$5,DataYear,ViewYear)))
A7: =IF('Employees'!B7="","",'Employees'!B7) | B7: =IF(A7="","",'Employees'!C7) | C7: =IF($A7="","",IFERROR(ROUND(AVERAGE(D7:S7),2),"")) | D7: =IF(OR($A7="",D$5="",ViewYear=""),"",IF(SUMIFS(DataRating,DataEmployee,$A7,DataSkill,D$5,DataYear,ViewYear)=0,"",SUMIFS(DataRating,DataEmployee,$A7,DataSkill,D$5,DataYear,ViewYear))) | E7: =IF(OR($A7="",E$5="",ViewYear=""),"",IF(SUMIFS(DataRating,DataEmployee,$A7,DataSkill,E$5,DataYear,ViewYear)=0,"",SUMIFS(DataRating,DataEmployee,$A7,DataSkill,E$5,DataYear,ViewYear))) | F7: =IF(OR($A7="",F$5="",ViewYear=""),"",IF(SUMIFS(DataRating,DataEmployee,$A7,DataSkill,F$5,DataYear,ViewYear)=0,"",SUMIFS(DataRating,DataEmployee,$A7,DataSkill,F$5,DataYear,ViewYear))) | G7: =IF(OR($A7="",G$5="",ViewYear=""),"",IF(SUMIFS(DataRating,DataEmployee,$A7,DataSkill,G$5,DataYear,ViewYear)=0,"",SUMIFS(DataRating,DataEmployee,$A7,DataSkill,G$5,DataYear,ViewYear))) | H7: =IF(OR($A7="",H$5="",ViewYear=""),"",IF(SUMIFS(DataRating,DataEmployee,$A7,DataSkill,H$5,DataYear,ViewYear)=0,"",SUMIFS(DataRating,DataEmployee,$A7,DataSkill,H$5,DataYear,ViewYear))) | I7: =IF(OR($A7="",I$5="",ViewYear=""),"",IF(SUMIFS(DataRating,DataEmployee,$A7,DataSkill,I$5,DataYear,ViewYear)=0,"",SUMIFS(DataRating,DataEmployee,$A7,DataSkill,I$5,DataYear,ViewYear))) | J7: =IF(OR($A7="",J$5="",ViewYear=""),"",IF(SUMIFS(DataRating,DataEmployee,$A7,DataSkill,J$5,DataYear,ViewYear)=0,"",SUMIFS(DataRating,DataEmployee,$A7,DataSkill,J$5,DataYear,ViewYear))) | K7: =IF(OR($A7="",K$5="",ViewYear=""),"",IF(SUMIFS(DataRating,DataEmployee,$A7,DataSkill,K$5,DataYear,ViewYear)=0,"",SUMIFS(DataRating,DataEmployee,$A7,DataSkill,K$5,DataYear,ViewYear))) | ... S7: =IF(OR($A7="",S$5="",ViewYear=""),"",IF(SUMIFS(DataRating,DataEmployee,$A7,DataSkill,S$5,DataYear,ViewYear)=0,"",SUMIFS(DataRating,DataEmployee,$A7,DataSkill,S$5,DataYear,ViewYear)))
A8: =IF('Employees'!B8="","",'Employees'!B8) | B8: =IF(A8="","",'Employees'!C8) | C8: =IF($A8="","",IFERROR(ROUND(AVERAGE(D8:S8),2),"")) | D8: =IF(OR($A8="",D$5="",ViewYear=""),"",IF(SUMIFS(DataRating,DataEmployee,$A8,DataSkill,D$5,DataYear,ViewYear)=0,"",SUMIFS(DataRating,DataEmployee,$A8,DataSkill,D$5,DataYear,ViewYear))) | E8: =IF(OR($A8="",E$5="",ViewYear=""),"",IF(SUMIFS(DataRating,DataEmployee,$A8,DataSkill,E$5,DataYear,ViewYear)=0,"",SUMIFS(DataRating,DataEmployee,$A8,DataSkill,E$5,DataYear,ViewYear))) | F8: =IF(OR($A8="",F$5="",ViewYear=""),"",IF(SUMIFS(DataRating,DataEmployee,$A8,DataSkill,F$5,DataYear,ViewYear)=0,"",SUMIFS(DataRating,DataEmployee,$A8,DataSkill,F$5,DataYear,ViewYear))) | G8: =IF(OR($A8="",G$5="",ViewYear=""),"",IF(SUMIFS(DataRating,DataEmployee,$A8,DataSkill,G$5,DataYear,ViewYear)=0,"",SUMIFS(DataRating,DataEmployee,$A8,DataSkill,G$5,DataYear,ViewYear))) | H8: =IF(OR($A8="",H$5="",ViewYear=""),"",IF(SUMIFS(DataRating,DataEmployee,$A8,DataSkill,H$5,DataYear,ViewYear)=0,"",SUMIFS(DataRating,DataEmployee,$A8,DataSkill,H$5,DataYear,ViewYear))) | I8: =IF(OR($A8="",I$5="",ViewYear=""),"",IF(SUMIFS(DataRating,DataEmployee,$A8,DataSkill,I$5,DataYear,ViewYear)=0,"",SUMIFS(DataRating,DataEmployee,$A8,DataSkill,I$5,DataYear,ViewYear))) | J8: =IF(OR($A8="",J$5="",ViewYear=""),"",IF(SUMIFS(DataRating,DataEmployee,$A8,DataSkill,J$5,DataYear,ViewYear)=0,"",SUMIFS(DataRating,DataEmployee,$A8,DataSkill,J$5,DataYear,ViewYear))) | K8: =IF(OR($A8="",K$5="",ViewYear=""),"",IF(SUMIFS(DataRating,DataEmployee,$A8,DataSkill,K$5,DataYear,ViewYear)=0,"",SUMIFS(DataRating,DataEmployee,$A8,DataSkill,K$5,DataYear,ViewYear))) | ... S8: =IF(OR($A8="",S$5="",ViewYear=""),"",IF(SUMIFS(DataRating,DataEmployee,$A8,DataSkill,S$5,DataYear,ViewYear)=0,"",SUMIFS(DataRating,DataEmployee,$A8,DataSkill,S$5,DataYear,ViewYear)))
A9: =IF('Employees'!B9="","",'Employees'!B9) | B9: =IF(A9="","",'Employees'!C9) | C9: =IF($A9="","",IFERROR(ROUND(AVERAGE(D9:S9),2),"")) | D9: =IF(OR($A9="",D$5="",ViewYear=""),"",IF(SUMIFS(DataRating,DataEmployee,$A9,DataSkill,D$5,DataYear,ViewYear)=0,"",SUMIFS(DataRating,DataEmployee,$A9,DataSkill,D$5,DataYear,ViewYear))) | E9: =IF(OR($A9="",E$5="",ViewYear=""),"",IF(SUMIFS(DataRating,DataEmployee,$A9,DataSkill,E$5,DataYear,ViewYear)=0,"",SUMIFS(DataRating,DataEmployee,$A9,DataSkill,E$5,DataYear,ViewYear))) | F9: =IF(OR($A9="",F$5="",ViewYear=""),"",IF(SUMIFS(DataRating,DataEmployee,$A9,DataSkill,F$5,DataYear,ViewYear)=0,"",SUMIFS(DataRating,DataEmployee,$A9,DataSkill,F$5,DataYear,ViewYear))) | G9: =IF(OR($A9="",G$5="",ViewYear=""),"",IF(SUMIFS(DataRating,DataEmployee,$A9,DataSkill,G$5,DataYear,ViewYear)=0,"",SUMIFS(DataRating,DataEmployee,$A9,DataSkill,G$5,DataYear,ViewYear))) | H9: =IF(OR($A9="",H$5="",ViewYear=""),"",IF(SUMIFS(DataRating,DataEmployee,$A9,DataSkill,H$5,DataYear,ViewYear)=0,"",SUMIFS(DataRating,DataEmployee,$A9,DataSkill,H$5,DataYear,ViewYear))) | I9: =IF(OR($A9="",I$5="",ViewYear=""),"",IF(SUMIFS(DataRating,DataEmployee,$A9,DataSkill,I$5,DataYear,ViewYear)=0,"",SUMIFS(DataRating,DataEmployee,$A9,DataSkill,I$5,DataYear,ViewYear))) | J9: =IF(OR($A9="",J$5="",ViewYear=""),"",IF(SUMIFS(DataRating,DataEmployee,$A9,DataSkill,J$5,DataYear,ViewYear)=0,"",SUMIFS(DataRating,DataEmployee,$A9,DataSkill,J$5,DataYear,ViewYear))) | K9: =IF(OR($A9="",K$5="",ViewYear=""),"",IF(SUMIFS(DataRating,DataEmployee,$A9,DataSkill,K$5,DataYear,ViewYear)=0,"",SUMIFS(DataRating,DataEmployee,$A9,DataSkill,K$5,DataYear,ViewYear))) | ... S9: =IF(OR($A9="",S$5="",ViewYear=""),"",IF(SUMIFS(DataRating,DataEmployee,$A9,DataSkill,S$5,DataYear,ViewYear)=0,"",SUMIFS(DataRating,DataEmployee,$A9,DataSkill,S$5,DataYear,ViewYear)))
A10: =IF('Employees'!B10="","",'Employees'!B10) | B10: =IF(A10="","",'Employees'!C10) | C10: =IF($A10="","",IFERROR(ROUND(AVERAGE(D10:S10),2),"")) | D10: =IF(OR($A10="",D$5="",ViewYear=""),"",IF(SUMIFS(DataRating,DataEmployee,$A10,DataSkill,D$5,DataYear,ViewYear)=0,"",SUMIFS(DataRating,DataEmployee,$A10,DataSkill,D$5,DataYear,ViewYear))) | E10: =IF(OR($A10="",E$5="",ViewYear=""),"",IF(SUMIFS(DataRating,DataEmployee,$A10,DataSkill,E$5,DataYear,ViewYear)=0,"",SUMIFS(DataRating,DataEmployee,$A10,DataSkill,E$5,DataYear,ViewYear))) | F10: =IF(OR($A10="",F$5="",ViewYear=""),"",IF(SUMIFS(DataRating,DataEmployee,$A10,DataSkill,F$5,DataYear,ViewYear)=0,"",SUMIFS(DataRating,DataEmployee,$A10,DataSkill,F$5,DataYear,ViewYear))) | G10: =IF(OR($A10="",G$5="",ViewYear=""),"",IF(SUMIFS(DataRating,DataEmployee,$A10,DataSkill,G$5,DataYear,ViewYear)=0,"",SUMIFS(DataRating,DataEmployee,$A10,DataSkill,G$5,DataYear,ViewYear))) | H10: =IF(OR($A10="",H$5="",ViewYear=""),"",IF(SUMIFS(DataRating,DataEmployee,$A10,DataSkill,H$5,DataYear,ViewYear)=0,"",SUMIFS(DataRating,DataEmployee,$A10,DataSkill,H$5,DataYear,ViewYear))) | I10: =IF(OR($A10="",I$5="",ViewYear=""),"",IF(SUMIFS(DataRating,DataEmployee,$A10,DataSkill,I$5,DataYear,ViewYear)=0,"",SUMIFS(DataRating,DataEmployee,$A10,DataSkill,I$5,DataYear,ViewYear))) | J10: =IF(OR($A10="",J$5="",ViewYear=""),"",IF(SUMIFS(DataRating,DataEmployee,$A10,DataSkill,J$5,DataYear,ViewYear)=0,"",SUMIFS(DataRating,DataEmployee,$A10,DataSkill,J$5,DataYear,ViewYear))) | K10: =IF(OR($A10="",K$5="",ViewYear=""),"",IF(SUMIFS(DataRating,DataEmployee,$A10,DataSkill,K$5,DataYear,ViewYear)=0,"",SUMIFS(DataRating,DataEmployee,$A10,DataSkill,K$5,DataYear,ViewYear))) | ... S10: =IF(OR($A10="",S$5="",ViewYear=""),"",IF(SUMIFS(DataRating,DataEmployee,$A10,DataSkill,S$5,DataYear,ViewYear)=0,"",SUMIFS(DataRating,DataEmployee,$A10,DataSkill,S$5,DataYear,ViewYear)))
A11: =IF('Employees'!B11="","",'Employees'!B11) | B11: =IF(A11="","",'Employees'!C11) | C11: =IF($A11="","",IFERROR(ROUND(AVERAGE(D11:S11),2),"")) | D11: =IF(OR($A11="",D$5="",ViewYear=""),"",IF(SUMIFS(DataRating,DataEmployee,$A11,DataSkill,D$5,DataYear,ViewYear)=0,"",SUMIFS(DataRating,DataEmployee,$A11,DataSkill,D$5,DataYear,ViewYear))) | E11: =IF(OR($A11="",E$5="",ViewYear=""),"",IF(SUMIFS(DataRating,DataEmployee,$A11,DataSkill,E$5,DataYear,ViewYear)=0,"",SUMIFS(DataRating,DataEmployee,$A11,DataSkill,E$5,DataYear,ViewYear))) | F11: =IF(OR($A11="",F$5="",ViewYear=""),"",IF(SUMIFS(DataRating,DataEmployee,$A11,DataSkill,F$5,DataYear,ViewYear)=0,"",SUMIFS(DataRating,DataEmployee,$A11,DataSkill,F$5,DataYear,ViewYear))) | G11: =IF(OR($A11="",G$5="",ViewYear=""),"",IF(SUMIFS(DataRating,DataEmployee,$A11,DataSkill,G$5,DataYear,ViewYear)=0,"",SUMIFS(DataRating,DataEmployee,$A11,DataSkill,G$5,DataYear,ViewYear))) | H11: =IF(OR($A11="",H$5="",ViewYear=""),"",IF(SUMIFS(DataRating,DataEmployee,$A11,DataSkill,H$5,DataYear,ViewYear)=0,"",SUMIFS(DataRating,DataEmployee,$A11,DataSkill,H$5,DataYear,ViewYear))) | I11: =IF(OR($A11="",I$5="",ViewYear=""),"",IF(SUMIFS(DataRating,DataEmployee,$A11,DataSkill,I$5,DataYear,ViewYear)=0,"",SUMIFS(DataRating,DataEmployee,$A11,DataSkill,I$5,DataYear,ViewYear))) | J11: =IF(OR($A11="",J$5="",ViewYear=""),"",IF(SUMIFS(DataRating,DataEmployee,$A11,DataSkill,J$5,DataYear,ViewYear)=0,"",SUMIFS(DataRating,DataEmployee,$A11,DataSkill,J$5,DataYear,ViewYear))) | K11: =IF(OR($A11="",K$5="",ViewYear=""),"",IF(SUMIFS(DataRating,DataEmployee,$A11,DataSkill,K$5,DataYear,ViewYear)=0,"",SUMIFS(DataRating,DataEmployee,$A11,DataSkill,K$5,DataYear,ViewYear))) | ... S11: =IF(OR($A11="",S$5="",ViewYear=""),"",IF(SUMIFS(DataRating,DataEmployee,$A11,DataSkill,S$5,DataYear,ViewYear)=0,"",SUMIFS(DataRating,DataEmployee,$A11,DataSkill,S$5,DataYear,ViewYear)))
A12: =IF('Employees'!B12="","",'Employees'!B12) | B12: =IF(A12="","",'Employees'!C12) | C12: =IF($A12="","",IFERROR(ROUND(AVERAGE(D12:S12),2),"")) | D12: =IF(OR($A12="",D$5="",ViewYear=""),"",IF(SUMIFS(DataRating,DataEmployee,$A12,DataSkill,D$5,DataYear,ViewYear)=0,"",SUMIFS(DataRating,DataEmployee,$A12,DataSkill,D$5,DataYear,ViewYear))) | E12: =IF(OR($A12="",E$5="",ViewYear=""),"",IF(SUMIFS(DataRating,DataEmployee,$A12,DataSkill,E$5,DataYear,ViewYear)=0,"",SUMIFS(DataRating,DataEmployee,$A12,DataSkill,E$5,DataYear,ViewYear))) | F12: =IF(OR($A12="",F$5="",ViewYear=""),"",IF(SUMIFS(DataRating,DataEmployee,$A12,DataSkill,F$5,DataYear,ViewYear)=0,"",SUMIFS(DataRating,DataEmployee,$A12,DataSkill,F$5,DataYear,ViewYear))) | G12: =IF(OR($A12="",G$5="",ViewYear=""),"",IF(SUMIFS(DataRating,DataEmployee,$A12,DataSkill,G$5,DataYear,ViewYear)=0,"",SUMIFS(DataRating,DataEmployee,$A12,DataSkill,G$5,DataYear,ViewYear))) | H12: =IF(OR($A12="",H$5="",ViewYear=""),"",IF(SUMIFS(DataRating,DataEmployee,$A12,DataSkill,H$5,DataYear,ViewYear)=0,"",SUMIFS(DataRating,DataEmployee,$A12,DataSkill,H$5,DataYear,ViewYear))) | I12: =IF(OR($A12="",I$5="",ViewYear=""),"",IF(SUMIFS(DataRating,DataEmployee,$A12,DataSkill,I$5,DataYear,ViewYear)=0,"",SUMIFS(DataRating,DataEmployee,$A12,DataSkill,I$5,DataYear,ViewYear))) | J12: =IF(OR($A12="",J$5="",ViewYear=""),"",IF(SUMIFS(DataRating,DataEmployee,$A12,DataSkill,J$5,DataYear,ViewYear)=0,"",SUMIFS(DataRating,DataEmployee,$A12,DataSkill,J$5,DataYear,ViewYear))) | K12: =IF(OR($A12="",K$5="",ViewYear=""),"",IF(SUMIFS(DataRating,DataEmployee,$A12,DataSkill,K$5,DataYear,ViewYear)=0,"",SUMIFS(DataRating,DataEmployee,$A12,DataSkill,K$5,DataYear,ViewYear))) | ... S12: =IF(OR($A12="",S$5="",ViewYear=""),"",IF(SUMIFS(DataRating,DataEmployee,$A12,DataSkill,S$5,DataYear,ViewYear)=0,"",SUMIFS(DataRating,DataEmployee,$A12,DataSkill,S$5,DataYear,ViewYear)))
A13: =IF('Employees'!B13="","",'Employees'!B13) | B13: =IF(A13="","",'Employees'!C13) | C13: =IF($A13="","",IFERROR(ROUND(AVERAGE(D13:S13),2),"")) | D13: =IF(OR($A13="",D$5="",ViewYear=""),"",IF(SUMIFS(DataRating,DataEmployee,$A13,DataSkill,D$5,DataYear,ViewYear)=0,"",SUMIFS(DataRating,DataEmployee,$A13,DataSkill,D$5,DataYear,ViewYear))) | E13: =IF(OR($A13="",E$5="",ViewYear=""),"",IF(SUMIFS(DataRating,DataEmployee,$A13,DataSkill,E$5,DataYear,ViewYear)=0,"",SUMIFS(DataRating,DataEmployee,$A13,DataSkill,E$5,DataYear,ViewYear))) | F13: =IF(OR($A13="",F$5="",ViewYear=""),"",IF(SUMIFS(DataRating,DataEmployee,$A13,DataSkill,F$5,DataYear,ViewYear)=0,"",SUMIFS(DataRating,DataEmployee,$A13,DataSkill,F$5,DataYear,ViewYear))) | G13: =IF(OR($A13="",G$5="",ViewYear=""),"",IF(SUMIFS(DataRating,DataEmployee,$A13,DataSkill,G$5,DataYear,ViewYear)=0,"",SUMIFS(DataRating,DataEmployee,$A13,DataSkill,G$5,DataYear,ViewYear))) | H13: =IF(OR($A13="",H$5="",ViewYear=""),"",IF(SUMIFS(DataRating,DataEmployee,$A13,DataSkill,H$5,DataYear,ViewYear)=0,"",SUMIFS(DataRating,DataEmployee,$A13,DataSkill,H$5,DataYear,ViewYear))) | I13: =IF(OR($A13="",I$5="",ViewYear=""),"",IF(SUMIFS(DataRating,DataEmployee,$A13,DataSkill,I$5,DataYear,ViewYear)=0,"",SUMIFS(DataRating,DataEmployee,$A13,DataSkill,I$5,DataYear,ViewYear))) | J13: =IF(OR($A13="",J$5="",ViewYear=""),"",IF(SUMIFS(DataRating,DataEmployee,$A13,DataSkill,J$5,DataYear,ViewYear)=0,"",SUMIFS(DataRating,DataEmployee,$A13,DataSkill,J$5,DataYear,ViewYear))) | K13: =IF(OR($A13="",K$5="",ViewYear=""),"",IF(SUMIFS(DataRating,DataEmployee,$A13,DataSkill,K$5,DataYear,ViewYear)=0,"",SUMIFS(DataRating,DataEmployee,$A13,DataSkill,K$5,DataYear,ViewYear))) | ... S13: =IF(OR($A13="",S$5="",ViewYear=""),"",IF(SUMIFS(DataRating,DataEmployee,$A13,DataSkill,S$5,DataYear,ViewYear)=0,"",SUMIFS(DataRating,DataEmployee,$A13,DataSkill,S$5,DataYear,ViewYear)))
A14: =IF('Employees'!B14="","",'Employees'!B14) | B14: =IF(A14="","",'Employees'!C14) | C14: =IF($A14="","",IFERROR(ROUND(AVERAGE(D14:S14),2),"")) | D14: =IF(OR($A14="",D$5="",ViewYear=""),"",IF(SUMIFS(DataRating,DataEmployee,$A14,DataSkill,D$5,DataYear,ViewYear)=0,"",SUMIFS(DataRating,DataEmployee,$A14,DataSkill,D$5,DataYear,ViewYear))) | E14: =IF(OR($A14="",E$5="",ViewYear=""),"",IF(SUMIFS(DataRating,DataEmployee,$A14,DataSkill,E$5,DataYear,ViewYear)=0,"",SUMIFS(DataRating,DataEmployee,$A14,DataSkill,E$5,DataYear,ViewYear))) | F14: =IF(OR($A14="",F$5="",ViewYear=""),"",IF(SUMIFS(DataRating,DataEmployee,$A14,DataSkill,F$5,DataYear,ViewYear)=0,"",SUMIFS(DataRating,DataEmployee,$A14,DataSkill,F$5,DataYear,ViewYear))) | G14: =IF(OR($A14="",G$5="",ViewYear=""),"",IF(SUMIFS(DataRating,DataEmployee,$A14,DataSkill,G$5,DataYear,ViewYear)=0,"",SUMIFS(DataRating,DataEmployee,$A14,DataSkill,G$5,DataYear,ViewYear))) | H14: =IF(OR($A14="",H$5="",ViewYear=""),"",IF(SUMIFS(DataRating,DataEmployee,$A14,DataSkill,H$5,DataYear,ViewYear)=0,"",SUMIFS(DataRating,DataEmployee,$A14,DataSkill,H$5,DataYear,ViewYear))) | I14: =IF(OR($A14="",I$5="",ViewYear=""),"",IF(SUMIFS(DataRating,DataEmployee,$A14,DataSkill,I$5,DataYear,ViewYear)=0,"",SUMIFS(DataRating,DataEmployee,$A14,DataSkill,I$5,DataYear,ViewYear))) | J14: =IF(OR($A14="",J$5="",ViewYear=""),"",IF(SUMIFS(DataRating,DataEmployee,$A14,DataSkill,J$5,DataYear,ViewYear)=0,"",SUMIFS(DataRating,DataEmployee,$A14,DataSkill,J$5,DataYear,ViewYear))) | K14: =IF(OR($A14="",K$5="",ViewYear=""),"",IF(SUMIFS(DataRating,DataEmployee,$A14,DataSkill,K$5,DataYear,ViewYear)=0,"",SUMIFS(DataRating,DataEmployee,$A14,DataSkill,K$5,DataYear,ViewYear))) | ... S14: =IF(OR($A14="",S$5="",ViewYear=""),"",IF(SUMIFS(DataRating,DataEmployee,$A14,DataSkill,S$5,DataYear,ViewYear)=0,"",SUMIFS(DataRating,DataEmployee,$A14,DataSkill,S$5,DataYear,ViewYear)))
A15: =IF('Employees'!B15="","",'Employees'!B15) | B15: =IF(A15="","",'Employees'!C15) | C15: =IF($A15="","",IFERROR(ROUND(AVERAGE(D15:S15),2),"")) | D15: =IF(OR($A15="",D$5="",ViewYear=""),"",IF(SUMIFS(DataRating,DataEmployee,$A15,DataSkill,D$5,DataYear,ViewYear)=0,"",SUMIFS(DataRating,DataEmployee,$A15,DataSkill,D$5,DataYear,ViewYear))) | E15: =IF(OR($A15="",E$5="",ViewYear=""),"",IF(SUMIFS(DataRating,DataEmployee,$A15,DataSkill,E$5,DataYear,ViewYear)=0,"",SUMIFS(DataRating,DataEmployee,$A15,DataSkill,E$5,DataYear,ViewYear))) | F15: =IF(OR($A15="",F$5="",ViewYear=""),"",IF(SUMIFS(DataRating,DataEmployee,$A15,DataSkill,F$5,DataYear,ViewYear)=0,"",SUMIFS(DataRating,DataEmployee,$A15,DataSkill,F$5,DataYear,ViewYear))) | G15: =IF(OR($A15="",G$5="",ViewYear=""),"",IF(SUMIFS(DataRating,DataEmployee,$A15,DataSkill,G$5,DataYear,ViewYear)=0,"",SUMIFS(DataRating,DataEmployee,$A15,DataSkill,G$5,DataYear,ViewYear))) | H15: =IF(OR($A15="",H$5="",ViewYear=""),"",IF(SUMIFS(DataRating,DataEmployee,$A15,DataSkill,H$5,DataYear,ViewYear)=0,"",SUMIFS(DataRating,DataEmployee,$A15,DataSkill,H$5,DataYear,ViewYear))) | I15: =IF(OR($A15="",I$5="",ViewYear=""),"",IF(SUMIFS(DataRating,DataEmployee,$A15,DataSkill,I$5,DataYear,ViewYear)=0,"",SUMIFS(DataRating,DataEmployee,$A15,DataSkill,I$5,DataYear,ViewYear))) | J15: =IF(OR($A15="",J$5="",ViewYear=""),"",IF(SUMIFS(DataRating,DataEmployee,$A15,DataSkill,J$5,DataYear,ViewYear)=0,"",SUMIFS(DataRating,DataEmployee,$A15,DataSkill,J$5,DataYear,ViewYear))) | K15: =IF(OR($A15="",K$5="",ViewYear=""),"",IF(SUMIFS(DataRating,DataEmployee,$A15,DataSkill,K$5,DataYear,ViewYear)=0,"",SUMIFS(DataRating,DataEmployee,$A15,DataSkill,K$5,DataYear,ViewYear))) | ... S15: =IF(OR($A15="",S$5="",ViewYear=""),"",IF(SUMIFS(DataRating,DataEmployee,$A15,DataSkill,S$5,DataYear,ViewYear)=0,"",SUMIFS(DataRating,DataEmployee,$A15,DataSkill,S$5,DataYear,ViewYear)))
A16: =IF('Employees'!B16="","",'Employees'!B16) | B16: =IF(A16="","",'Employees'!C16) | C16: =IF($A16="","",IFERROR(ROUND(AVERAGE(D16:S16),2),"")) | D16: =IF(OR($A16="",D$5="",ViewYear=""),"",IF(SUMIFS(DataRating,DataEmployee,$A16,DataSkill,D$5,DataYear,ViewYear)=0,"",SUMIFS(DataRating,DataEmployee,$A16,DataSkill,D$5,DataYear,ViewYear))) | E16: =IF(OR($A16="",E$5="",ViewYear=""),"",IF(SUMIFS(DataRating,DataEmployee,$A16,DataSkill,E$5,DataYear,ViewYear)=0,"",SUMIFS(DataRating,DataEmployee,$A16,DataSkill,E$5,DataYear,ViewYear))) | F16: =IF(OR($A16="",F$5="",ViewYear=""),"",IF(SUMIFS(DataRating,DataEmployee,$A16,DataSkill,F$5,DataYear,ViewYear)=0,"",SUMIFS(DataRating,DataEmployee,$A16,DataSkill,F$5,DataYear,ViewYear))) | G16: =IF(OR($A16="",G$5="",ViewYear=""),"",IF(SUMIFS(DataRating,DataEmployee,$A16,DataSkill,G$5,DataYear,ViewYear)=0,"",SUMIFS(DataRating,DataEmployee,$A16,DataSkill,G$5,DataYear,ViewYear))) | H16: =IF(OR($A16="",H$5="",ViewYear=""),"",IF(SUMIFS(DataRating,DataEmployee,$A16,DataSkill,H$5,DataYear,ViewYear)=0,"",SUMIFS(DataRating,DataEmployee,$A16,DataSkill,H$5,DataYear,ViewYear))) | I16: =IF(OR($A16="",I$5="",ViewYear=""),"",IF(SUMIFS(DataRating,DataEmployee,$A16,DataSkill,I$5,DataYear,ViewYear)=0,"",SUMIFS(DataRating,DataEmployee,$A16,DataSkill,I$5,DataYear,ViewYear))) | J16: =IF(OR($A16="",J$5="",ViewYear=""),"",IF(SUMIFS(DataRating,DataEmployee,$A16,DataSkill,J$5,DataYear,ViewYear)=0,"",SUMIFS(DataRating,DataEmployee,$A16,DataSkill,J$5,DataYear,ViewYear))) | K16: =IF(OR($A16="",K$5="",ViewYear=""),"",IF(SUMIFS(DataRating,DataEmployee,$A16,DataSkill,K$5,DataYear,ViewYear)=0,"",SUMIFS(DataRating,DataEmployee,$A16,DataSkill,K$5,DataYear,ViewYear))) | ... S16: =IF(OR($A16="",S$5="",ViewYear=""),"",IF(SUMIFS(DataRating,DataEmployee,$A16,DataSkill,S$5,DataYear,ViewYear)=0,"",SUMIFS(DataRating,DataEmployee,$A16,DataSkill,S$5,DataYear,ViewYear)))
A17: =IF('Employees'!B17="","",'Employees'!B17) | B17: =IF(A17="","",'Employees'!C17) | C17: =IF($A17="","",IFERROR(ROUND(AVERAGE(D17:S17),2),"")) | D17: =IF(OR($A17="",D$5="",ViewYear=""),"",IF(SUMIFS(DataRating,DataEmployee,$A17,DataSkill,D$5,DataYear,ViewYear)=0,"",SUMIFS(DataRating,DataEmployee,$A17,DataSkill,D$5,DataYear,ViewYear))) | E17: =IF(OR($A17="",E$5="",ViewYear=""),"",IF(SUMIFS(DataRating,DataEmployee,$A17,DataSkill,E$5,DataYear,ViewYear)=0,"",SUMIFS(DataRating,DataEmployee,$A17,DataSkill,E$5,DataYear,ViewYear))) | F17: =IF(OR($A17="",F$5="",ViewYear=""),"",IF(SUMIFS(DataRating,DataEmployee,$A17,DataSkill,F$5,DataYear,ViewYear)=0,"",SUMIFS(DataRating,DataEmployee,$A17,DataSkill,F$5,DataYear,ViewYear))) | G17: =IF(OR($A17="",G$5="",ViewYear=""),"",IF(SUMIFS(DataRating,DataEmployee,$A17,DataSkill,G$5,DataYear,ViewYear)=0,"",SUMIFS(DataRating,DataEmployee,$A17,DataSkill,G$5,DataYear,ViewYear))) | H17: =IF(OR($A17="",H$5="",ViewYear=""),"",IF(SUMIFS(DataRating,DataEmployee,$A17,DataSkill,H$5,DataYear,ViewYear)=0,"",SUMIFS(DataRating,DataEmployee,$A17,DataSkill,H$5,DataYear,ViewYear))) | I17: =IF(OR($A17="",I$5="",ViewYear=""),"",IF(SUMIFS(DataRating,DataEmployee,$A17,DataSkill,I$5,DataYear,ViewYear)=0,"",SUMIFS(DataRating,DataEmployee,$A17,DataSkill,I$5,DataYear,ViewYear))) | J17: =IF(OR($A17="",J$5="",ViewYear=""),"",IF(SUMIFS(DataRating,DataEmployee,$A17,DataSkill,J$5,DataYear,ViewYear)=0,"",SUMIFS(DataRating,DataEmployee,$A17,DataSkill,J$5,DataYear,ViewYear))) | K17: =IF(OR($A17="",K$5="",ViewYear=""),"",IF(SUMIFS(DataRating,DataEmployee,$A17,DataSkill,K$5,DataYear,ViewYear)=0,"",SUMIFS(DataRating,DataEmployee,$A17,DataSkill,K$5,DataYear,ViewYear))) | ... S17: =IF(OR($A17="",S$5="",ViewYear=""),"",IF(SUMIFS(DataRating,DataEmployee,$A17,DataSkill,S$5,DataYear,ViewYear)=0,"",SUMIFS(DataRating,DataEmployee,$A17,DataSkill,S$5,DataYear,ViewYear)))
... A21: =IF('Employees'!B21="","",'Employees'!B21) | B21: =IF(A21="","",'Employees'!C21) | C21: =IF($A21="","",IFERROR(ROUND(AVERAGE(D21:S21),2),"")) | D21: =IF(OR($A21="",D$5="",ViewYear=""),"",IF(SUMIFS(DataRating,DataEmployee,$A21,DataSkill,D$5,DataYear,ViewYear)=0,"",SUMIFS(DataRating,DataEmployee,$A21,DataSkill,D$5,DataYear,ViewYear))) | E21: =IF(OR($A21="",E$5="",ViewYear=""),"",IF(SUMIFS(DataRating,DataEmployee,$A21,DataSkill,E$5,DataYear,ViewYear)=0,"",SUMIFS(DataRating,DataEmployee,$A21,DataSkill,E$5,DataYear,ViewYear))) | F21: =IF(OR($A21="",F$5="",ViewYear=""),"",IF(SUMIFS(DataRating,DataEmployee,$A21,DataSkill,F$5,DataYear,ViewYear)=0,"",SUMIFS(DataRating,DataEmployee,$A21,DataSkill,F$5,DataYear,ViewYear))) | G21: =IF(OR($A21="",G$5="",ViewYear=""),"",IF(SUMIFS(DataRating,DataEmployee,$A21,DataSkill,G$5,DataYear,ViewYear)=0,"",SUMIFS(DataRating,DataEmployee,$A21,DataSkill,G$5,DataYear,ViewYear))) | H21: =IF(OR($A21="",H$5="",ViewYear=""),"",IF(SUMIFS(DataRating,DataEmployee,$A21,DataSkill,H$5,DataYear,ViewYear)=0,"",SUMIFS(DataRating,DataEmployee,$A21,DataSkill,H$5,DataYear,ViewYear))) | I21: =IF(OR($A21="",I$5="",ViewYear=""),"",IF(SUMIFS(DataRating,DataEmployee,$A21,DataSkill,I$5,DataYear,ViewYear)=0,"",SUMIFS(DataRating,DataEmployee,$A21,DataSkill,I$5,DataYear,ViewYear))) | J21: =IF(OR($A21="",J$5="",ViewYear=""),"",IF(SUMIFS(DataRating,DataEmployee,$A21,DataSkill,J$5,DataYear,ViewYear)=0,"",SUMIFS(DataRating,DataEmployee,$A21,DataSkill,J$5,DataYear,ViewYear))) | K21: =IF(OR($A21="",K$5="",ViewYear=""),"",IF(SUMIFS(DataRating,DataEmployee,$A21,DataSkill,K$5,DataYear,ViewYear)=0,"",SUMIFS(DataRating,DataEmployee,$A21,DataSkill,K$5,DataYear,ViewYear))) | ... S21: =IF(OR($A21="",S$5="",ViewYear=""),"",IF(SUMIFS(DataRating,DataEmployee,$A21,DataSkill,S$5,DataYear,ViewYear)=0,"",SUMIFS(DataRating,DataEmployee,$A21,DataSkill,S$5,DataYear,ViewYear)))
A23: Rating colour | B23: 1 | C23: 2 | D23: 3 | E23: 4 | F23: 5 | G23: 1 beginner to 5 expert. Overall = average. Gold name = highest overall this year.

Sheet Ratings
A1: ='How to Use'!A1 | C1: How to Use | D1: Skill Matrix | E1: Dashboard | F1: Employees | G1: Skills | H1: Years | I1: Lists | J1: Settings
C2: Ratings — all years | I2: Type 1-5 here for any year. This sheet is hidden in the tab bar. When you are done, right-click this tab and choose Hide.
A3: ="Rating 1-5. Current calendar year: "&CalendarYear&". Latest year with ratings: "&IF(LatestYear="","-",LatestYear)&". Filter the Employee column to focus on one person."
A5: Employee | B5: Department | C5: Skill | D5: Category | E5: =IF('Years'!B8="","",'Years'!B8) | F5: =IF('Years'!B9="","",'Years'!B9) | G5: =IF('Years'!B10="","",'Years'!B10) | H5: =IF('Years'!B11="","",'Years'!B11) | I5: =IF('Years'!B12="","",'Years'!B12) | J5: =IF('Years'!B13="","",'Years'!B13) | K5: =IF('Years'!B14="","",'Years'!B14) | L5: =IF('Years'!B15="","",'Years'!B15) | M5: =IF('Years'!B16="","",'Years'!B16) | N5: =IF('Years'!B17="","",'Years'!B17) | O5: =IF('Years'!B18="","",'Years'!B18) | P5: =IF('Years'!B19="","",'Years'!B19) | Q5: =IF('Years'!B20="","",'Years'!B20) | R5: =IF('Years'!B21="","",'Years'!B21) | S5: =IF('Years'!B22="","",'Years'!B22) | T5: =IF('Years'!B23="","",'Years'!B23) | U5: First | V5: Latest | W5: vs last year | X5: Since joined | Y5: Years rated
A6: =IF(AND('Employees'!B6<>"",'Skills'!B6<>""),'Employees'!B6,"") | B6: =IF(A6="","",'Employees'!C6) | C6: =IF(A6="","",'Skills'!B6) | D6: =IF(A6="","",'Skills'!C6) | E6: 1 | F6: 2 | G6: 3 | H6: 3 | U6: =IF(A6="","",IFERROR(INDEX(E6:T6,MATCH(TRUE,INDEX(E6:T6<>"",0),0)),"")) | V6: =IF(A6="","",IFERROR(LOOKUP(2,1/(E6:T6<>""),E6:T6),"")) | W6: =IF(OR(A6="",PreviousYear=""),"",IFERROR(LOOKUP(2,1/(E6:T6<>""),E6:T6)-INDEX(E6:T6,MATCH(PreviousYear,$E$5:$T$5,0)),"")) | X6: =IF(OR(A6="",U6="",V6=""),"",V6-U6) | Y6: =IF(A6="","",COUNT(E6:T6))
A7: =IF(AND('Employees'!B6<>"",'Skills'!B7<>""),'Employees'!B6,"") | B7: =IF(A7="","",'Employees'!C6) | C7: =IF(A7="","",'Skills'!B7) | D7: =IF(A7="","",'Skills'!C7) | E7: 2 | F7: 2 | G7: 2 | H7: 2 | U7: =IF(A7="","",IFERROR(INDEX(E7:T7,MATCH(TRUE,INDEX(E7:T7<>"",0),0)),"")) | V7: =IF(A7="","",IFERROR(LOOKUP(2,1/(E7:T7<>""),E7:T7),"")) | W7: =IF(OR(A7="",PreviousYear=""),"",IFERROR(LOOKUP(2,1/(E7:T7<>""),E7:T7)-INDEX(E7:T7,MATCH(PreviousYear,$E$5:$T$5,0)),"")) | X7: =IF(OR(A7="",U7="",V7=""),"",V7-U7) | Y7: =IF(A7="","",COUNT(E7:T7))
A8: =IF(AND('Employees'!B6<>"",'Skills'!B8<>""),'Employees'!B6,"") | B8: =IF(A8="","",'Employees'!C6) | C8: =IF(A8="","",'Skills'!B8) | D8: =IF(A8="","",'Skills'!C8) | E8: 1 | F8: 2 | G8: 2 | H8: 3 | U8: =IF(A8="","",IFERROR(INDEX(E8:T8,MATCH(TRUE,INDEX(E8:T8<>"",0),0)),"")) | V8: =IF(A8="","",IFERROR(LOOKUP(2,1/(E8:T8<>""),E8:T8),"")) | W8: =IF(OR(A8="",PreviousYear=""),"",IFERROR(LOOKUP(2,1/(E8:T8<>""),E8:T8)-INDEX(E8:T8,MATCH(PreviousYear,$E$5:$T$5,0)),"")) | X8: =IF(OR(A8="",U8="",V8=""),"",V8-U8) | Y8: =IF(A8="","",COUNT(E8:T8))
A9: =IF(AND('Employees'!B6<>"",'Skills'!B9<>""),'Employees'!B6,"") | B9: =IF(A9="","",'Employees'!C6) | C9: =IF(A9="","",'Skills'!B9) | D9: =IF(A9="","",'Skills'!C9) | E9: 2 | F9: 2 | G9: 3 | H9: 4 | U9: =IF(A9="","",IFERROR(INDEX(E9:T9,MATCH(TRUE,INDEX(E9:T9<>"",0),0)),"")) | V9: =IF(A9="","",IFERROR(LOOKUP(2,1/(E9:T9<>""),E9:T9),"")) | W9: =IF(OR(A9="",PreviousYear=""),"",IFERROR(LOOKUP(2,1/(E9:T9<>""),E9:T9)-INDEX(E9:T9,MATCH(PreviousYear,$E$5:$T$5,0)),"")) | X9: =IF(OR(A9="",U9="",V9=""),"",V9-U9) | Y9: =IF(A9="","",COUNT(E9:T9))
A10: =IF(AND('Employees'!B6<>"",'Skills'!B10<>""),'Employees'!B6,"") | B10: =IF(A10="","",'Employees'!C6) | C10: =IF(A10="","",'Skills'!B10) | D10: =IF(A10="","",'Skills'!C10) | E10: 3 | F10: 4 | G10: 4 | H10: 5 | U10: =IF(A10="","",IFERROR(INDEX(E10:T10,MATCH(TRUE,INDEX(E10:T10<>"",0),0)),"")) | V10: =IF(A10="","",IFERROR(LOOKUP(2,1/(E10:T10<>""),E10:T10),"")) | W10: =IF(OR(A10="",PreviousYear=""),"",IFERROR(LOOKUP(2,1/(E10:T10<>""),E10:T10)-INDEX(E10:T10,MATCH(PreviousYear,$E$5:$T$5,0)),"")) | X10: =IF(OR(A10="",U10="",V10=""),"",V10-U10) | Y10: =IF(A10="","",COUNT(E10:T10))
A11: =IF(AND('Employees'!B6<>"",'Skills'!B11<>""),'Employees'!B6,"") | B11: =IF(A11="","",'Employees'!C6) | C11: =IF(A11="","",'Skills'!B11) | D11: =IF(A11="","",'Skills'!C11) | E11: 3 | F11: 3 | G11: 3 | H11: 3 | U11: =IF(A11="","",IFERROR(INDEX(E11:T11,MATCH(TRUE,INDEX(E11:T11<>"",0),0)),"")) | V11: =IF(A11="","",IFERROR(LOOKUP(2,1/(E11:T11<>""),E11:T11),"")) | W11: =IF(OR(A11="",PreviousYear=""),"",IFERROR(LOOKUP(2,1/(E11:T11<>""),E11:T11)-INDEX(E11:T11,MATCH(PreviousYear,$E$5:$T$5,0)),"")) | X11: =IF(OR(A11="",U11="",V11=""),"",V11-U11) | Y11: =IF(A11="","",COUNT(E11:T11))
A12: =IF(AND('Employees'!B6<>"",'Skills'!B12<>""),'Employees'!B6,"") | B12: =IF(A12="","",'Employees'!C6) | C12: =IF(A12="","",'Skills'!B12) | D12: =IF(A12="","",'Skills'!C12) | E12: 1 | F12: 1 | G12: 2 | H12: 3 | U12: =IF(A12="","",IFERROR(INDEX(E12:T12,MATCH(TRUE,INDEX(E12:T12<>"",0),0)),"")) | V12: =IF(A12="","",IFERROR(LOOKUP(2,1/(E12:T12<>""),E12:T12),"")) | W12: =IF(OR(A12="",PreviousYear=""),"",IFERROR(LOOKUP(2,1/(E12:T12<>""),E12:T12)-INDEX(E12:T12,MATCH(PreviousYear,$E$5:$T$5,0)),"")) | X12: =IF(OR(A12="",U12="",V12=""),"",V12-U12) | Y12: =IF(A12="","",COUNT(E12:T12))
A13: =IF(AND('Employees'!B6<>"",'Skills'!B13<>""),'Employees'!B6,"") | B13: =IF(A13="","",'Employees'!C6) | C13: =IF(A13="","",'Skills'!B13) | D13: =IF(A13="","",'Skills'!C13) | E13: 3 | F13: 3 | G13: 3 | H13: 3 | U13: =IF(A13="","",IFERROR(INDEX(E13:T13,MATCH(TRUE,INDEX(E13:T13<>"",0),0)),"")) | V13: =IF(A13="","",IFERROR(LOOKUP(2,1/(E13:T13<>""),E13:T13),"")) | W13: =IF(OR(A13="",PreviousYear=""),"",IFERROR(LOOKUP(2,1/(E13:T13<>""),E13:T13)-INDEX(E13:T13,MATCH(PreviousYear,$E$5:$T$5,0)),"")) | X13: =IF(OR(A13="",U13="",V13=""),"",V13-U13) | Y13: =IF(A13="","",COUNT(E13:T13))
A14: =IF(AND('Employees'!B6<>"",'Skills'!B14<>""),'Employees'!B6,"") | B14: =IF(A14="","",'Employees'!C6) | C14: =IF(A14="","",'Skills'!B14) | D14: =IF(A14="","",'Skills'!C14) | E14: 2 | F14: 3 | G14: 3 | H14: 4 | U14: =IF(A14="","",IFERROR(INDEX(E14:T14,MATCH(TRUE,INDEX(E14:T14<>"",0),0)),"")) | V14: =IF(A14="","",IFERROR(LOOKUP(2,1/(E14:T14<>""),E14:T14),"")) | W14: =IF(OR(A14="",PreviousYear=""),"",IFERROR(LOOKUP(2,1/(E14:T14<>""),E14:T14)-INDEX(E14:T14,MATCH(PreviousYear,$E$5:$T$5,0)),"")) | X14: =IF(OR(A14="",U14="",V14=""),"",V14-U14) | Y14: =IF(A14="","",COUNT(E14:T14))
A15: =IF(AND('Employees'!B6<>"",'Skills'!B15<>""),'Employees'!B6,"") | B15: =IF(A15="","",'Employees'!C6) | C15: =IF(A15="","",'Skills'!B15) | D15: =IF(A15="","",'Skills'!C15) | E15: 1 | F15: 1 | G15: 2 | H15: 2 | U15: =IF(A15="","",IFERROR(INDEX(E15:T15,MATCH(TRUE,INDEX(E15:T15<>"",0),0)),"")) | V15: =IF(A15="","",IFERROR(LOOKUP(2,1/(E15:T15<>""),E15:T15),"")) | W15: =IF(OR(A15="",PreviousYear=""),"",IFERROR(LOOKUP(2,1/(E15:T15<>""),E15:T15)-INDEX(E15:T15,MATCH(PreviousYear,$E$5:$T$5,0)),"")) | X15: =IF(OR(A15="",U15="",V15=""),"",V15-U15) | Y15: =IF(A15="","",COUNT(E15:T15))
A16: =IF(AND('Employees'!B6<>"",'Skills'!B16<>""),'Employees'!B6,"") | B16: =IF(A16="","",'Employees'!C6) | C16: =IF(A16="","",'Skills'!B16) | D16: =IF(A16="","",'Skills'!C16) | E16: 2 | F16: 3 | G16: 3 | H16: 4 | U16: =IF(A16="","",IFERROR(INDEX(E16:T16,MATCH(TRUE,INDEX(E16:T16<>"",0),0)),"")) | V16: =IF(A16="","",IFERROR(LOOKUP(2,1/(E16:T16<>""),E16:T16),"")) | W16: =IF(OR(A16="",PreviousYear=""),"",IFERROR(LOOKUP(2,1/(E16:T16<>""),E16:T16)-INDEX(E16:T16,MATCH(PreviousYear,$E$5:$T$5,0)),"")) | X16: =IF(OR(A16="",U16="",V16=""),"",V16-U16) | Y16: =IF(A16="","",COUNT(E16:T16))
A17: =IF(AND('Employees'!B6<>"",'Skills'!B17<>""),'Employees'!B6,"") | B17: =IF(A17="","",'Employees'!C6) | C17: =IF(A17="","",'Skills'!B17) | D17: =IF(A17="","",'Skills'!C17) | U17: =IF(A17="","",IFERROR(INDEX(E17:T17,MATCH(TRUE,INDEX(E17:T17<>"",0),0)),"")) | V17: =IF(A17="","",IFERROR(LOOKUP(2,1/(E17:T17<>""),E17:T17),"")) | W17: =IF(OR(A17="",PreviousYear=""),"",IFERROR(LOOKUP(2,1/(E17:T17<>""),E17:T17)-INDEX(E17:T17,MATCH(PreviousYear,$E$5:$T$5,0)),"")) | X17: =IF(OR(A17="",U17="",V17=""),"",V17-U17) | Y17: =IF(A17="","",COUNT(E17:T17))
A18: =IF(AND('Employees'!B6<>"",'Skills'!B18<>""),'Employees'!B6,"") | B18: =IF(A18="","",'Employees'!C6) | C18: =IF(A18="","",'Skills'!B18) | D18: =IF(A18="","",'Skills'!C18) | U18: =IF(A18="","",IFERROR(INDEX(E18:T18,MATCH(TRUE,INDEX(E18:T18<>"",0),0)),"")) | V18: =IF(A18="","",IFERROR(LOOKUP(2,1/(E18:T18<>""),E18:T18),"")) | W18: =IF(OR(A18="",PreviousYear=""),"",IFERROR(LOOKUP(2,1/(E18:T18<>""),E18:T18)-INDEX(E18:T18,MATCH(PreviousYear,$E$5:$T$5,0)),"")) | X18: =IF(OR(A18="",U18="",V18=""),"",V18-U18) | Y18: =IF(A18="","",COUNT(E18:T18))
A19: =IF(AND('Employees'!B6<>"",'Skills'!B19<>""),'Employees'!B6,"") | B19: =IF(A19="","",'Employees'!C6) | C19: =IF(A19="","",'Skills'!B19) | D19: =IF(A19="","",'Skills'!C19) | U19: =IF(A19="","",IFERROR(INDEX(E19:T19,MATCH(TRUE,INDEX(E19:T19<>"",0),0)),"")) | V19: =IF(A19="","",IFERROR(LOOKUP(2,1/(E19:T19<>""),E19:T19),"")) | W19: =IF(OR(A19="",PreviousYear=""),"",IFERROR(LOOKUP(2,1/(E19:T19<>""),E19:T19)-INDEX(E19:T19,MATCH(PreviousYear,$E$5:$T$5,0)),"")) | X19: =IF(OR(A19="",U19="",V19=""),"",V19-U19) | Y19: =IF(A19="","",COUNT(E19:T19))
A20: =IF(AND('Employees'!B6<>"",'Skills'!B20<>""),'Employees'!B6,"") | B20: =IF(A20="","",'Employees'!C6) | C20: =IF(A20="","",'Skills'!B20) | D20: =IF(A20="","",'Skills'!C20) | U20: =IF(A20="","",IFERROR(INDEX(E20:T20,MATCH(TRUE,INDEX(E20:T20<>"",0),0)),"")) | V20: =IF(A20="","",IFERROR(LOOKUP(2,1/(E20:T20<>""),E20:T20),"")) | W20: =IF(OR(A20="",PreviousYear=""),"",IFERROR(LOOKUP(2,1/(E20:T20<>""),E20:T20)-INDEX(E20:T20,MATCH(PreviousYear,$E$5:$T$5,0)),"")) | X20: =IF(OR(A20="",U20="",V20=""),"",V20-U20) | Y20: =IF(A20="","",COUNT(E20:T20))
A21: =IF(AND('Employees'!B6<>"",'Skills'!B21<>""),'Employees'!B6,"") | B21: =IF(A21="","",'Employees'!C6) | C21: =IF(A21="","",'Skills'!B21) | D21: =IF(A21="","",'Skills'!C21) | U21: =IF(A21="","",IFERROR(INDEX(E21:T21,MATCH(TRUE,INDEX(E21:T21<>"",0),0)),"")) | V21: =IF(A21="","",IFERROR(LOOKUP(2,1/(E21:T21<>""),E21:T21),"")) | W21: =IF(OR(A21="",PreviousYear=""),"",IFERROR(LOOKUP(2,1/(E21:T21<>""),E21:T21)-INDEX(E21:T21,MATCH(PreviousYear,$E$5:$T$5,0)),"")) | X21: =IF(OR(A21="",U21="",V21=""),"",V21-U21) | Y21: =IF(A21="","",COUNT(E21:T21))
A22: =IF(AND('Employees'!B7<>"",'Skills'!B6<>""),'Employees'!B7,"") | B22: =IF(A22="","",'Employees'!C7) | C22: =IF(A22="","",'Skills'!B6) | D22: =IF(A22="","",'Skills'!C6) | E22: 5 | F22: 5 | G22: 5 | H22: 5 | U22: =IF(A22="","",IFERROR(INDEX(E22:T22,MATCH(TRUE,INDEX(E22:T22<>"",0),0)),"")) | V22: =IF(A22="","",IFERROR(LOOKUP(2,1/(E22:T22<>""),E22:T22),"")) | W22: =IF(OR(A22="",PreviousYear=""),"",IFERROR(LOOKUP(2,1/(E22:T22<>""),E22:T22)-INDEX(E22:T22,MATCH(PreviousYear,$E$5:$T$5,0)),"")) | X22: =IF(OR(A22="",U22="",V22=""),"",V22-U22) | Y22: =IF(A22="","",COUNT(E22:T22))
A23: =IF(AND('Employees'!B7<>"",'Skills'!B7<>""),'Employees'!B7,"") | B23: =IF(A23="","",'Employees'!C7) | C23: =IF(A23="","",'Skills'!B7) | D23: =IF(A23="","",'Skills'!C7) | E23: 3 | F23: 4 | G23: 4 | H23: 4 | U23: =IF(A23="","",IFERROR(INDEX(E23:T23,MATCH(TRUE,INDEX(E23:T23<>"",0),0)),"")) | V23: =IF(A23="","",IFERROR(LOOKUP(2,1/(E23:T23<>""),E23:T23),"")) | W23: =IF(OR(A23="",PreviousYear=""),"",IFERROR(LOOKUP(2,1/(E23:T23<>""),E23:T23)-INDEX(E23:T23,MATCH(PreviousYear,$E$5:$T$5,0)),"")) | X23: =IF(OR(A23="",U23="",V23=""),"",V23-U23) | Y23: =IF(A23="","",COUNT(E23:T23))
A24: =IF(AND('Employees'!B7<>"",'Skills'!B8<>""),'Employees'!B7,"") | B24: =IF(A24="","",'Employees'!C7) | C24: =IF(A24="","",'Skills'!B8) | D24: =IF(A24="","",'Skills'!C8) | E24: 3 | F24: 3 | G24: 4 | H24: 5 | U24: =IF(A24="","",IFERROR(INDEX(E24:T24,MATCH(TRUE,INDEX(E24:T24<>"",0),0)),"")) | V24: =IF(A24="","",IFERROR(LOOKUP(2,1/(E24:T24<>""),E24:T24),"")) | W24: =IF(OR(A24="",PreviousYear=""),"",IFERROR(LOOKUP(2,1/(E24:T24<>""),E24:T24)-INDEX(E24:T24,MATCH(PreviousYear,$E$5:$T$5,0)),"")) | X24: =IF(OR(A24="",U24="",V24=""),"",V24-U24) | Y24: =IF(A24="","",COUNT(E24:T24))
A25: =IF(AND('Employees'!B7<>"",'Skills'!B9<>""),'Employees'!B7,"") | B25: =IF(A25="","",'Employees'!C7) | C25: =IF(A25="","",'Skills'!B9) | D25: =IF(A25="","",'Skills'!C9) | E25: 1 | F25: 2 | G25: 2 | H25: 3 | U25: =IF(A25="","",IFERROR(INDEX(E25:T25,MATCH(TRUE,INDEX(E25:T25<>"",0),0)),"")) | V25: =IF(A25="","",IFERROR(LOOKUP(2,1/(E25:T25<>""),E25:T25),"")) | W25: =IF(OR(A25="",PreviousYear=""),"",IFERROR(LOOKUP(2,1/(E25:T25<>""),E25:T25)-INDEX(E25:T25,MATCH(PreviousYear,$E$5:$T$5,0)),"")) | X25: =IF(OR(A25="",U25="",V25=""),"",V25-U25) | Y25: =IF(A25="","",COUNT(E25:T25))
A26: =IF(AND('Employees'!B7<>"",'Skills'!B10<>""),'Employees'!B7,"") | B26: =IF(A26="","",'Employees'!C7) | C26: =IF(A26="","",'Skills'!B10) | D26: =IF(A26="","",'Skills'!C10) | E26: 2 | F26: 2 | G26: 2 | H26: 2 | U26: =IF(A26="","",IFERROR(INDEX(E26:T26,MATCH(TRUE,INDEX(E26:T26<>"",0),0)),"")) | V26: =IF(A26="","",IFERROR(LOOKUP(2,1/(E26:T26<>""),E26:T26),"")) | W26: =IF(OR(A26="",PreviousYear=""),"",IFERROR(LOOKUP(2,1/(E26:T26<>""),E26:T26)-INDEX(E26:T26,MATCH(PreviousYear,$E$5:$T$5,0)),"")) | X26: =IF(OR(A26="",U26="",V26=""),"",V26-U26) | Y26: =IF(A26="","",COUNT(E26:T26))
A27: =IF(AND('Employees'!B7<>"",'Skills'!B11<>""),'Employees'!B7,"") | B27: =IF(A27="","",'Employees'!C7) | C27: =IF(A27="","",'Skills'!B11) | D27: =IF(A27="","",'Skills'!C11) | E27: 3 | F27: 4 | G27: 5 | H27: 5 | U27: =IF(A27="","",IFERROR(INDEX(E27:T27,MATCH(TRUE,INDEX(E27:T27<>"",0),0)),"")) | V27: =IF(A27="","",IFERROR(LOOKUP(2,1/(E27:T27<>""),E27:T27),"")) | W27: =IF(OR(A27="",PreviousYear=""),"",IFERROR(LOOKUP(2,1/(E27:T27<>""),E27:T27)-INDEX(E27:T27,MATCH(PreviousYear,$E$5:$T$5,0)),"")) | X27: =IF(OR(A27="",U27="",V27=""),"",V27-U27) | Y27: =IF(A27="","",COUNT(E27:T27))
A28: =IF(AND('Employees'!B7<>"",'Skills'!B12<>""),'Employees'!B7,"") | B28: =IF(A28="","",'Employees'!C7) | C28: =IF(A28="","",'Skills'!B12) | D28: =IF(A28="","",'Skills'!C12) | E28: 2 | F28: 2 | G28: 2 | H28: 3 | U28: =IF(A28="","",IFERROR(INDEX(E28:T28,MATCH(TRUE,INDEX(E28:T28<>"",0),0)),"")) | V28: =IF(A28="","",IFERROR(LOOKUP(2,1/(E28:T28<>""),E28:T28),"")) | W28: =IF(OR(A28="",PreviousYear=""),"",IFERROR(LOOKUP(2,1/(E28:T28<>""),E28:T28)-INDEX(E28:T28,MATCH(PreviousYear,$E$5:$T$5,0)),"")) | X28: =IF(OR(A28="",U28="",V28=""),"",V28-U28) | Y28: =IF(A28="","",COUNT(E28:T28))
A29: =IF(AND('Employees'!B7<>"",'Skills'!B13<>""),'Employees'!B7,"") | B29: =IF(A29="","",'Employees'!C7) | C29: =IF(A29="","",'Skills'!B13) | D29: =IF(A29="","",'Skills'!C13) | E29: 1 | F29: 2 | G29: 2 | H29: 3 | U29: =IF(A29="","",IFERROR(INDEX(E29:T29,MATCH(TRUE,INDEX(E29:T29<>"",0),0)),"")) | V29: =IF(A29="","",IFERROR(LOOKUP(2,1/(E29:T29<>""),E29:T29),"")) | W29: =IF(OR(A29="",PreviousYear=""),"",IFERROR(LOOKUP(2,1/(E29:T29<>""),E29:T29)-INDEX(E29:T29,MATCH(PreviousYear,$E$5:$T$5,0)),"")) | X29: =IF(OR(A29="",U29="",V29=""),"",V29-U29) | Y29: =IF(A29="","",COUNT(E29:T29))
A30: =IF(AND('Employees'!B7<>"",'Skills'!B14<>""),'Employees'!B7,"") | B30: =IF(A30="","",'Employees'!C7) | C30: =IF(A30="","",'Skills'!B14) | D30: =IF(A30="","",'Skills'!C14) | E30: 2 | F30: 2 | G30: 3 | H30: 3 | U30: =IF(A30="","",IFERROR(INDEX(E30:T30,MATCH(TRUE,INDEX(E30:T30<>"",0),0)),"")) | V30: =IF(A30="","",IFERROR(LOOKUP(2,1/(E30:T30<>""),E30:T30),"")) | W30: =IF(OR(A30="",PreviousYear=""),"",IFERROR(LOOKUP(2,1/(E30:T30<>""),E30:T30)-INDEX(E30:T30,MATCH(PreviousYear,$E$5:$T$5,0)),"")) | X30: =IF(OR(A30="",U30="",V30=""),"",V30-U30) | Y30: =IF(A30="","",COUNT(E30:T30))
A31: =IF(AND('Employees'!B7<>"",'Skills'!B15<>""),'Employees'!B7,"") | B31: =IF(A31="","",'Employees'!C7) | C31: =IF(A31="","",'Skills'!B15) | D31: =IF(A31="","",'Skills'!C15) | E31: 1 | F31: 2 | G31: 2 | H31: 2 | U31: =IF(A31="","",IFERROR(INDEX(E31:T31,MATCH(TRUE,INDEX(E31:T31<>"",0),0)),"")) | V31: =IF(A31="","",IFERROR(LOOKUP(2,1/(E31:T31<>""),E31:T31),"")) | W31: =IF(OR(A31="",PreviousYear=""),"",IFERROR(LOOKUP(2,1/(E31:T31<>""),E31:T31)-INDEX(E31:T31,MATCH(PreviousYear,$E$5:$T$5,0)),"")) | X31: =IF(OR(A31="",U31="",V31=""),"",V31-U31) | Y31: =IF(A31="","",COUNT(E31:T31))
A32: =IF(AND('Employees'!B7<>"",'Skills'!B16<>""),'Employees'!B7,"") | B32: =IF(A32="","",'Employees'!C7) | C32: =IF(A32="","",'Skills'!B16) | D32: =IF(A32="","",'Skills'!C16) | E32: 4 | F32: 4 | G32: 4 | H32: 4 | U32: =IF(A32="","",IFERROR(INDEX(E32:T32,MATCH(TRUE,INDEX(E32:T32<>"",0),0)),"")) | V32: =IF(A32="","",IFERROR(LOOKUP(2,1/(E32:T32<>""),E32:T32),"")) | W32: =IF(OR(A32="",PreviousYear=""),"",IFERROR(LOOKUP(2,1/(E32:T32<>""),E32:T32)-INDEX(E32:T32,MATCH(PreviousYear,$E$5:$T$5,0)),"")) | X32: =IF(OR(A32="",U32="",V32=""),"",V32-U32) | Y32: =IF(A32="","",COUNT(E32:T32))
A33: =IF(AND('Employees'!B7<>"",'Skills'!B17<>""),'Employees'!B7,"") | B33: =IF(A33="","",'Employees'!C7) | C33: =IF(A33="","",'Skills'!B17) | D33: =IF(A33="","",'Skills'!C17) | U33: =IF(A33="","",IFERROR(INDEX(E33:T33,MATCH(TRUE,INDEX(E33:T33<>"",0),0)),"")) | V33: =IF(A33="","",IFERROR(LOOKUP(2,1/(E33:T33<>""),E33:T33),"")) | W33: =IF(OR(A33="",PreviousYear=""),"",IFERROR(LOOKUP(2,1/(E33:T33<>""),E33:T33)-INDEX(E33:T33,MATCH(PreviousYear,$E$5:$T$5,0)),"")) | X33: =IF(OR(A33="",U33="",V33=""),"",V33-U33) | Y33: =IF(A33="","",COUNT(E33:T33))
A34: =IF(AND('Employees'!B7<>"",'Skills'!B18<>""),'Employees'!B7,"") | B34: =IF(A34="","",'Employees'!C7) | C34: =IF(A34="","",'Skills'!B18) | D34: =IF(A34="","",'Skills'!C18) | U34: =IF(A34="","",IFERROR(INDEX(E34:T34,MATCH(TRUE,INDEX(E34:T34<>"",0),0)),"")) | V34: =IF(A34="","",IFERROR(LOOKUP(2,1/(E34:T34<>""),E34:T34),"")) | W34: =IF(OR(A34="",PreviousYear=""),"",IFERROR(LOOKUP(2,1/(E34:T34<>""),E34:T34)-INDEX(E34:T34,MATCH(PreviousYear,$E$5:$T$5,0)),"")) | X34: =IF(OR(A34="",U34="",V34=""),"",V34-U34) | Y34: =IF(A34="","",COUNT(E34:T34))
A35: =IF(AND('Employees'!B7<>"",'Skills'!B19<>""),'Employees'!B7,"") | B35: =IF(A35="","",'Employees'!C7) | C35: =IF(A35="","",'Skills'!B19) | D35: =IF(A35="","",'Skills'!C19) | U35: =IF(A35="","",IFERROR(INDEX(E35:T35,MATCH(TRUE,INDEX(E35:T35<>"",0),0)),"")) | V35: =IF(A35="","",IFERROR(LOOKUP(2,1/(E35:T35<>""),E35:T35),"")) | W35: =IF(OR(A35="",PreviousYear=""),"",IFERROR(LOOKUP(2,1/(E35:T35<>""),E35:T35)-INDEX(E35:T35,MATCH(PreviousYear,$E$5:$T$5,0)),"")) | X35: =IF(OR(A35="",U35="",V35=""),"",V35-U35) | Y35: =IF(A35="","",COUNT(E35:T35))
A36: =IF(AND('Employees'!B7<>"",'Skills'!B20<>""),'Employees'!B7,"") | B36: =IF(A36="","",'Employees'!C7) | C36: =IF(A36="","",'Skills'!B20) | D36: =IF(A36="","",'Skills'!C20) | U36: =IF(A36="","",IFERROR(INDEX(E36:T36,MATCH(TRUE,INDEX(E36:T36<>"",0),0)),"")) | V36: =IF(A36="","",IFERROR(LOOKUP(2,1/(E36:T36<>""),E36:T36),"")) | W36: =IF(OR(A36="",PreviousYear=""),"",IFERROR(LOOKUP(2,1/(E36:T36<>""),E36:T36)-INDEX(E36:T36,MATCH(PreviousYear,$E$5:$T$5,0)),"")) | X36: =IF(OR(A36="",U36="",V36=""),"",V36-U36) | Y36: =IF(A36="","",COUNT(E36:T36))
A37: =IF(AND('Employees'!B7<>"",'Skills'!B21<>""),'Employees'!B7,"") | B37: =IF(A37="","",'Employees'!C7) | C37: =IF(A37="","",'Skills'!B21) | D37: =IF(A37="","",'Skills'!C21) | U37: =IF(A37="","",IFERROR(INDEX(E37:T37,MATCH(TRUE,INDEX(E37:T37<>"",0),0)),"")) | V37: =IF(A37="","",IFERROR(LOOKUP(2,1/(E37:T37<>""),E37:T37),"")) | W37: =IF(OR(A37="",PreviousYear=""),"",IFERROR(LOOKUP(2,1/(E37:T37<>""),E37:T37)-INDEX(E37:T37,MATCH(PreviousYear,$E$5:$T$5,0)),"")) | X37: =IF(OR(A37="",U37="",V37=""),"",V37-U37) | Y37: =IF(A37="","",COUNT(E37:T37))
A38: =IF(AND('Employees'!B8<>"",'Skills'!B6<>""),'Employees'!B8,"") | B38: =IF(A38="","",'Employees'!C8) | C38: =IF(A38="","",'Skills'!B6) | D38: =IF(A38="","",'Skills'!C6) | E38: 1 | F38: 2 | G38: 2 | H38: 3 | U38: =IF(A38="","",IFERROR(INDEX(E38:T38,MATCH(TRUE,INDEX(E38:T38<>"",0),0)),"")) | V38: =IF(A38="","",IFERROR(LOOKUP(2,1/(E38:T38<>""),E38:T38),"")) | W38: =IF(OR(A38="",PreviousYear=""),"",IFERROR(LOOKUP(2,1/(E38:T38<>""),E38:T38)-INDEX(E38:T38,MATCH(PreviousYear,$E$5:$T$5,0)),"")) | X38: =IF(OR(A38="",U38="",V38=""),"",V38-U38) | Y38: =IF(A38="","",COUNT(E38:T38))
A39: =IF(AND('Employees'!B8<>"",'Skills'!B7<>""),'Employees'!B8,"") | B39: =IF(A39="","",'Employees'!C8) | C39: =IF(A39="","",'Skills'!B7) | D39: =IF(A39="","",'Skills'!C7) | E39: 1 | F39: 1 | G39: 2 | H39: 2 | U39: =IF(A39="","",IFERROR(INDEX(E39:T39,MATCH(TRUE,INDEX(E39:T39<>"",0),0)),"")) | V39: =IF(A39="","",IFERROR(LOOKUP(2,1/(E39:T39<>""),E39:T39),"")) | W39: =IF(OR(A39="",PreviousYear=""),"",IFERROR(LOOKUP(2,1/(E39:T39<>""),E39:T39)-INDEX(E39:T39,MATCH(PreviousYear,$E$5:$T$5,0)),"")) | X39: =IF(OR(A39="",U39="",V39=""),"",V39-U39) | Y39: =IF(A39="","",COUNT(E39:T39))
A40: =IF(AND('Employees'!B8<>"",'Skills'!B8<>""),'Employees'!B8,"") | B40: =IF(A40="","",'Employees'!C8) | C40: =IF(A40="","",'Skills'!B8) | D40: =IF(A40="","",'Skills'!C8) | E40: 1 | F40: 2 | G40: 2 | H40: 2 | U40: =IF(A40="","",IFERROR(INDEX(E40:T40,MATCH(TRUE,INDEX(E40:T40<>"",0),0)),"")) | V40: =IF(A40="","",IFERROR(LOOKUP(2,1/(E40:T40<>""),E40:T40),"")) | W40: =IF(OR(A40="",PreviousYear=""),"",IFERROR(LOOKUP(2,1/(E40:T40<>""),E40:T40)-INDEX(E40:T40,MATCH(PreviousYear,$E$5:$T$5,0)),"")) | X40: =IF(OR(A40="",U40="",V40=""),"",V40-U40) | Y40: =IF(A40="","",COUNT(E40:T40))
A41: =IF(AND('Employees'!B8<>"",'Skills'!B9<>""),'Employees'!B8,"") | B41: =IF(A41="","",'Employees'!C8) | C41: =IF(A41="","",'Skills'!B9) | D41: =IF(A41="","",'Skills'!C9) | E41: 4 | F41: 4 | G41: 4 | H41: 5 | U41: =IF(A41="","",IFERROR(INDEX(E41:T41,MATCH(TRUE,INDEX(E41:T41<>"",0),0)),"")) | V41: =IF(A41="","",IFERROR(LOOKUP(2,1/(E41:T41<>""),E41:T41),"")) | W41: =IF(OR(A41="",PreviousYear=""),"",IFERROR(LOOKUP(2,1/(E41:T41<>""),E41:T41)-INDEX(E41:T41,MATCH(PreviousYear,$E$5:$T$5,0)),"")) | X41: =IF(OR(A41="",U41="",V41=""),"",V41-U41) | Y41: =IF(A41="","",COUNT(E41:T41))
A42: =IF(AND('Employees'!B8<>"",'Skills'!B10<>""),'Employees'!B8,"") | B42: =IF(A42="","",'Employees'!C8) | C42: =IF(A42="","",'Skills'!B10) | D42: =IF(A42="","",'Skills'!C10) | E42: 1 | F42: 1 | G42: 2 | H42: 3 | U42: =IF(A42="","",IFERROR(INDEX(E42:T42,MATCH(TRUE,INDEX(E42:T42<>"",0),0)),"")) | V42: =IF(A42="","",IFERROR(LOOKUP(2,1/(E42:T42<>""),E42:T42),"")) | W42: =IF(OR(A42="",PreviousYear=""),"",IFERROR(LOOKUP(2,1/(E42:T42<>""),E42:T42)-INDEX(E42:T42,MATCH(PreviousYear,$E$5:$T$5,0)),"")) | X42: =IF(OR(A42="",U42="",V42=""),"",V42-U42) | Y42: =IF(A42="","",COUNT(E42:T42))
A43: =IF(AND('Employees'!B8<>"",'Skills'!B11<>""),'Employees'!B8,"") | B43: =IF(A43="","",'Employees'!C8) | C43: =IF(A43="","",'Skills'!B11) | D43: =IF(A43="","",'Skills'!C11) | E43: 3 | F43: 3 | G43: 3 | H43: 3 | U43: =IF(A43="","",IFERROR(INDEX(E43:T43,MATCH(TRUE,INDEX(E43:T43<>"",0),0)),"")) | V43: =IF(A43="","",IFERROR(LOOKUP(2,1/(E43:T43<>""),E43:T43),"")) | W43: =IF(OR(A43="",PreviousYear=""),"",IFERROR(LOOKUP(2,1/(E43:T43<>""),E43:T43)-INDEX(E43:T43,MATCH(PreviousYear,$E$5:$T$5,0)),"")) | X43: =IF(OR(A43="",U43="",V43=""),"",V43-U43) | Y43: =IF(A43="","",COUNT(E43:T43))
A44: =IF(AND('Employees'!B8<>"",'Skills'!B12<>""),'Employees'!B8,"") | B44: =IF(A44="","",'Employees'!C8) | C44: =IF(A44="","",'Skills'!B12) | D44: =IF(A44="","",'Skills'!C12) | E44: 3 | F44: 4 | G44: 4 | H44: 5 | U44: =IF(A44="","",IFERROR(INDEX(E44:T44,MATCH(TRUE,INDEX(E44:T44<>"",0),0)),"")) | V44: =IF(A44="","",IFERROR(LOOKUP(2,1/(E44:T44<>""),E44:T44),"")) | W44: =IF(OR(A44="",PreviousYear=""),"",IFERROR(LOOKUP(2,1/(E44:T44<>""),E44:T44)-INDEX(E44:T44,MATCH(PreviousYear,$E$5:$T$5,0)),"")) | X44: =IF(OR(A44="",U44="",V44=""),"",V44-U44) | Y44: =IF(A44="","",COUNT(E44:T44))
A45: =IF(AND('Employees'!B8<>"",'Skills'!B13<>""),'Employees'!B8,"") | B45: =IF(A45="","",'Employees'!C8) | C45: =IF(A45="","",'Skills'!B13) | D45: =IF(A45="","",'Skills'!C13) | E45: 1 | F45: 1 | G45: 2 | H45: 3 | U45: =IF(A45="","",IFERROR(INDEX(E45:T45,MATCH(TRUE,INDEX(E45:T45<>"",0),0)),"")) | V45: =IF(A45="","",IFERROR(LOOKUP(2,1/(E45:T45<>""),E45:T45),"")) | W45: =IF(OR(A45="",PreviousYear=""),"",IFERROR(LOOKUP(2,1/(E45:T45<>""),E45:T45)-INDEX(E45:T45,MATCH(PreviousYear,$E$5:$T$5,0)),"")) | X45: =IF(OR(A45="",U45="",V45=""),"",V45-U45) | Y45: =IF(A45="","",COUNT(E45:T45))
A46: =IF(AND('Employees'!B8<>"",'Skills'!B14<>""),'Employees'!B8,"") | B46: =IF(A46="","",'Employees'!C8) | C46: =IF(A46="","",'Skills'!B14) | D46: =IF(A46="","",'Skills'!C14) | E46: 2 | F46: 3 | G46: 3 | H46: 3 | U46: =IF(A46="","",IFERROR(INDEX(E46:T46,MATCH(TRUE,INDEX(E46:T46<>"",0),0)),"")) | V46: =IF(A46="","",IFERROR(LOOKUP(2,1/(E46:T46<>""),E46:T46),"")) | W46: =IF(OR(A46="",PreviousYear=""),"",IFERROR(LOOKUP(2,1/(E46:T46<>""),E46:T46)-INDEX(E46:T46,MATCH(PreviousYear,$E$5:$T$5,0)),"")) | X46: =IF(OR(A46="",U46="",V46=""),"",V46-U46) | Y46: =IF(A46="","",COUNT(E46:T46))
A47: =IF(AND('Employees'!B8<>"",'Skills'!B15<>""),'Employees'!B8,"") | B47: =IF(A47="","",'Employees'!C8) | C47: =IF(A47="","",'Skills'!B15) | D47: =IF(A47="","",'Skills'!C15) | E47: 4 | F47: 4 | G47: 4 | H47: 4 | U47: =IF(A47="","",IFERROR(INDEX(E47:T47,MATCH(TRUE,INDEX(E47:T47<>"",0),0)),"")) | V47: =IF(A47="","",IFERROR(LOOKUP(2,1/(E47:T47<>""),E47:T47),"")) | W47: =IF(OR(A47="",PreviousYear=""),"",IFERROR(LOOKUP(2,1/(E47:T47<>""),E47:T47)-INDEX(E47:T47,MATCH(PreviousYear,$E$5:$T$5,0)),"")) | X47: =IF(OR(A47="",U47="",V47=""),"",V47-U47) | Y47: =IF(A47="","",COUNT(E47:T47))
A48: =IF(AND('Employees'!B8<>"",'Skills'!B16<>""),'Employees'!B8,"") | B48: =IF(A48="","",'Employees'!C8) | C48: =IF(A48="","",'Skills'!B16) | D48: =IF(A48="","",'Skills'!C16) | E48: 1 | F48: 2 | G48: 3 | H48: 4 | U48: =IF(A48="","",IFERROR(INDEX(E48:T48,MATCH(TRUE,INDEX(E48:T48<>"",0),0)),"")) | V48: =IF(A48="","",IFERROR(LOOKUP(2,1/(E48:T48<>""),E48:T48),"")) | W48: =IF(OR(A48="",PreviousYear=""),"",IFERROR(LOOKUP(2,1/(E48:T48<>""),E48:T48)-INDEX(E48:T48,MATCH(PreviousYear,$E$5:$T$5,0)),"")) | X48: =IF(OR(A48="",U48="",V48=""),"",V48-U48) | Y48: =IF(A48="","",COUNT(E48:T48))
A49: =IF(AND('Employees'!B8<>"",'Skills'!B17<>""),'Employees'!B8,"") | B49: =IF(A49="","",'Employees'!C8) | C49: =IF(A49="","",'Skills'!B17) | D49: =IF(A49="","",'Skills'!C17) | U49: =IF(A49="","",IFERROR(INDEX(E49:T49,MATCH(TRUE,INDEX(E49:T49<>"",0),0)),"")) | V49: =IF(A49="","",IFERROR(LOOKUP(2,1/(E49:T49<>""),E49:T49),"")) | W49: =IF(OR(A49="",PreviousYear=""),"",IFERROR(LOOKUP(2,1/(E49:T49<>""),E49:T49)-INDEX(E49:T49,MATCH(PreviousYear,$E$5:$T$5,0)),"")) | X49: =IF(OR(A49="",U49="",V49=""),"",V49-U49) | Y49: =IF(A49="","",COUNT(E49:T49))
A50: =IF(AND('Employees'!B8<>"",'Skills'!B18<>""),'Employees'!B8,"") | B50: =IF(A50="","",'Employees'!C8) | C50: =IF(A50="","",'Skills'!B18) | D50: =IF(A50="","",'Skills'!C18) | U50: =IF(A50="","",IFERROR(INDEX(E50:T50,MATCH(TRUE,INDEX(E50:T50<>"",0),0)),"")) | V50: =IF(A50="","",IFERROR(LOOKUP(2,1/(E50:T50<>""),E50:T50),"")) | W50: =IF(OR(A50="",PreviousYear=""),"",IFERROR(LOOKUP(2,1/(E50:T50<>""),E50:T50)-INDEX(E50:T50,MATCH(PreviousYear,$E$5:$T$5,0)),"")) | X50: =IF(OR(A50="",U50="",V50=""),"",V50-U50) | Y50: =IF(A50="","",COUNT(E50:T50))
A51: =IF(AND('Employees'!B8<>"",'Skills'!B19<>""),'Employees'!B8,"") | B51: =IF(A51="","",'Employees'!C8) | C51: =IF(A51="","",'Skills'!B19) | D51: =IF(A51="","",'Skills'!C19) | U51: =IF(A51="","",IFERROR(INDEX(E51:T51,MATCH(TRUE,INDEX(E51:T51<>"",0),0)),"")) | V51: =IF(A51="","",IFERROR(LOOKUP(2,1/(E51:T51<>""),E51:T51),"")) | W51: =IF(OR(A51="",PreviousYear=""),"",IFERROR(LOOKUP(2,1/(E51:T51<>""),E51:T51)-INDEX(E51:T51,MATCH(PreviousYear,$E$5:$T$5,0)),"")) | X51: =IF(OR(A51="",U51="",V51=""),"",V51-U51) | Y51: =IF(A51="","",COUNT(E51:T51))
A52: =IF(AND('Employees'!B8<>"",'Skills'!B20<>""),'Employees'!B8,"") | B52: =IF(A52="","",'Employees'!C8) | C52: =IF(A52="","",'Skills'!B20) | D52: =IF(A52="","",'Skills'!C20) | U52: =IF(A52="","",IFERROR(INDEX(E52:T52,MATCH(TRUE,INDEX(E52:T52<>"",0),0)),"")) | V52: =IF(A52="","",IFERROR(LOOKUP(2,1/(E52:T52<>""),E52:T52),"")) | W52: =IF(OR(A52="",PreviousYear=""),"",IFERROR(LOOKUP(2,1/(E52:T52<>""),E52:T52)-INDEX(E52:T52,MATCH(PreviousYear,$E$5:$T$5,0)),"")) | X52: =IF(OR(A52="",U52="",V52=""),"",V52-U52) | Y52: =IF(A52="","",COUNT(E52:T52))
A53: =IF(AND('Employees'!B8<>"",'Skills'!B21<>""),'Employees'!B8,"") | B53: =IF(A53="","",'Employees'!C8) | C53: =IF(A53="","",'Skills'!B21) | D53: =IF(A53="","",'Skills'!C21) | U53: =IF(A53="","",IFERROR(INDEX(E53:T53,MATCH(TRUE,INDEX(E53:T53<>"",0),0)),"")) | V53: =IF(A53="","",IFERROR(LOOKUP(2,1/(E53:T53<>""),E53:T53),"")) | W53: =IF(OR(A53="",PreviousYear=""),"",IFERROR(LOOKUP(2,1/(E53:T53<>""),E53:T53)-INDEX(E53:T53,MATCH(PreviousYear,$E$5:$T$5,0)),"")) | X53: =IF(OR(A53="",U53="",V53=""),"",V53-U53) | Y53: =IF(A53="","",COUNT(E53:T53))
A54: =IF(AND('Employees'!B9<>"",'Skills'!B6<>""),'Employees'!B9,"") | B54: =IF(A54="","",'Employees'!C9) | C54: =IF(A54="","",'Skills'!B6) | D54: =IF(A54="","",'Skills'!C6) | E54: 1 | F54: 1 | G54: 2 | H54: 2 | U54: =IF(A54="","",IFERROR(INDEX(E54:T54,MATCH(TRUE,INDEX(E54:T54<>"",0),0)),"")) | V54: =IF(A54="","",IFERROR(LOOKUP(2,1/(E54:T54<>""),E54:T54),"")) | W54: =IF(OR(A54="",PreviousYear=""),"",IFERROR(LOOKUP(2,1/(E54:T54<>""),E54:T54)-INDEX(E54:T54,MATCH(PreviousYear,$E$5:$T$5,0)),"")) | X54: =IF(OR(A54="",U54="",V54=""),"",V54-U54) | Y54: =IF(A54="","",COUNT(E54:T54))
A55: =IF(AND('Employees'!B9<>"",'Skills'!B7<>""),'Employees'!B9,"") | B55: =IF(A55="","",'Employees'!C9) | C55: =IF(A55="","",'Skills'!B7) | D55: =IF(A55="","",'Skills'!C7) | E55: 1 | F55: 2 | G55: 2 | H55: 2 | U55: =IF(A55="","",IFERROR(INDEX(E55:T55,MATCH(TRUE,INDEX(E55:T55<>"",0),0)),"")) | V55: =IF(A55="","",IFERROR(LOOKUP(2,1/(E55:T55<>""),E55:T55),"")) | W55: =IF(OR(A55="",PreviousYear=""),"",IFERROR(LOOKUP(2,1/(E55:T55<>""),E55:T55)-INDEX(E55:T55,MATCH(PreviousYear,$E$5:$T$5,0)),"")) | X55: =IF(OR(A55="",U55="",V55=""),"",V55-U55) | Y55: =IF(A55="","",COUNT(E55:T55))
A56: =IF(AND('Employees'!B9<>"",'Skills'!B8<>""),'Employees'!B9,"") | B56: =IF(A56="","",'Employees'!C9) | C56: =IF(A56="","",'Skills'!B8) | D56: =IF(A56="","",'Skills'!C8) | E56: 3 | F56: 3 | G56: 3 | H56: 3 | U56: =IF(A56="","",IFERROR(INDEX(E56:T56,MATCH(TRUE,INDEX(E56:T56<>"",0),0)),"")) | V56: =IF(A56="","",IFERROR(LOOKUP(2,1/(E56:T56<>""),E56:T56),"")) | W56: =IF(OR(A56="",PreviousYear=""),"",IFERROR(LOOKUP(2,1/(E56:T56<>""),E56:T56)-INDEX(E56:T56,MATCH(PreviousYear,$E$5:$T$5,0)),"")) | X56: =IF(OR(A56="",U56="",V56=""),"",V56-U56) | Y56: =IF(A56="","",COUNT(E56:T56))
A57: =IF(AND('Employees'!B9<>"",'Skills'!B9<>""),'Employees'!B9,"") | B57: =IF(A57="","",'Employees'!C9) | C57: =IF(A57="","",'Skills'!B9) | D57: =IF(A57="","",'Skills'!C9) | E57: 1 | F57: 1 | G57: 2 | H57: 3 | U57: =IF(A57="","",IFERROR(INDEX(E57:T57,MATCH(TRUE,INDEX(E57:T57<>"",0),0)),"")) | V57: =IF(A57="","",IFERROR(LOOKUP(2,1/(E57:T57<>""),E57:T57),"")) | W57: =IF(OR(A57="",PreviousYear=""),"",IFERROR(LOOKUP(2,1/(E57:T57<>""),E57:T57)-INDEX(E57:T57,MATCH(PreviousYear,$E$5:$T$5,0)),"")) | X57: =IF(OR(A57="",U57="",V57=""),"",V57-U57) | Y57: =IF(A57="","",COUNT(E57:T57))
A58: =IF(AND('Employees'!B9<>"",'Skills'!B10<>""),'Employees'!B9,"") | B58: =IF(A58="","",'Employees'!C9) | C58: =IF(A58="","",'Skills'!B10) | D58: =IF(A58="","",'Skills'!C10) | E58: 3 | F58: 3 | G58: 3 | H58: 3 | U58: =IF(A58="","",IFERROR(INDEX(E58:T58,MATCH(TRUE,INDEX(E58:T58<>"",0),0)),"")) | V58: =IF(A58="","",IFERROR(LOOKUP(2,1/(E58:T58<>""),E58:T58),"")) | W58: =IF(OR(A58="",PreviousYear=""),"",IFERROR(LOOKUP(2,1/(E58:T58<>""),E58:T58)-INDEX(E58:T58,MATCH(PreviousYear,$E$5:$T$5,0)),"")) | X58: =IF(OR(A58="",U58="",V58=""),"",V58-U58) | Y58: =IF(A58="","",COUNT(E58:T58))
A59: =IF(AND('Employees'!B9<>"",'Skills'!B11<>""),'Employees'!B9,"") | B59: =IF(A59="","",'Employees'!C9) | C59: =IF(A59="","",'Skills'!B11) | D59: =IF(A59="","",'Skills'!C11) | E59: 1 | F59: 2 | G59: 2 | H59: 2 | U59: =IF(A59="","",IFERROR(INDEX(E59:T59,MATCH(TRUE,INDEX(E59:T59<>"",0),0)),"")) | V59: =IF(A59="","",IFERROR(LOOKUP(2,1/(E59:T59<>""),E59:T59),"")) | W59: =IF(OR(A59="",PreviousYear=""),"",IFERROR(LOOKUP(2,1/(E59:T59<>""),E59:T59)-INDEX(E59:T59,MATCH(PreviousYear,$E$5:$T$5,0)),"")) | X59: =IF(OR(A59="",U59="",V59=""),"",V59-U59) | Y59: =IF(A59="","",COUNT(E59:T59))
A60: =IF(AND('Employees'!B9<>"",'Skills'!B12<>""),'Employees'!B9,"") | B60: =IF(A60="","",'Employees'!C9) | C60: =IF(A60="","",'Skills'!B12) | D60: =IF(A60="","",'Skills'!C12) | E60: 2 | F60: 2 | G60: 3 | H60: 3 | U60: =IF(A60="","",IFERROR(INDEX(E60:T60,MATCH(TRUE,INDEX(E60:T60<>"",0),0)),"")) | V60: =IF(A60="","",IFERROR(LOOKUP(2,1/(E60:T60<>""),E60:T60),"")) | W60: =IF(OR(A60="",PreviousYear=""),"",IFERROR(LOOKUP(2,1/(E60:T60<>""),E60:T60)-INDEX(E60:T60,MATCH(PreviousYear,$E$5:$T$5,0)),"")) | X60: =IF(OR(A60="",U60="",V60=""),"",V60-U60) | Y60: =IF(A60="","",COUNT(E60:T60))
A61: =IF(AND('Employees'!B9<>"",'Skills'!B13<>""),'Employees'!B9,"") | B61: =IF(A61="","",'Employees'!C9) | C61: =IF(A61="","",'Skills'!B13) | D61: =IF(A61="","",'Skills'!C13) | E61: 4 | F61: 5 | G61: 5 | H61: 5 | U61: =IF(A61="","",IFERROR(INDEX(E61:T61,MATCH(TRUE,INDEX(E61:T61<>"",0),0)),"")) | V61: =IF(A61="","",IFERROR(LOOKUP(2,1/(E61:T61<>""),E61:T61),"")) | W61: =IF(OR(A61="",PreviousYear=""),"",IFERROR(LOOKUP(2,1/(E61:T61<>""),E61:T61)-INDEX(E61:T61,MATCH(PreviousYear,$E$5:$T$5,0)),"")) | X61: =IF(OR(A61="",U61="",V61=""),"",V61-U61) | Y61: =IF(A61="","",COUNT(E61:T61))
A62: =IF(AND('Employees'!B9<>"",'Skills'!B14<>""),'Employees'!B9,"") | B62: =IF(A62="","",'Employees'!C9) | C62: =IF(A62="","",'Skills'!B14) | D62: =IF(A62="","",'Skills'!C14) | E62: 4 | F62: 4 | G62: 4 | H62: 5 | U62: =IF(A62="","",IFERROR(INDEX(E62:T62,MATCH(TRUE,INDEX(E62:T62<>"",0),0)),"")) | V62: =IF(A62="","",IFERROR(LOOKUP(2,1/(E62:T62<>""),E62:T62),"")) | W62: =IF(OR(A62="",PreviousYear=""),"",IFERROR(LOOKUP(2,1/(E62:T62<>""),E62:T62)-INDEX(E62:T62,MATCH(PreviousYear,$E$5:$T$5,0)),"")) | X62: =IF(OR(A62="",U62="",V62=""),"",V62-U62) | Y62: =IF(A62="","",COUNT(E62:T62))
A63: =IF(AND('Employees'!B9<>"",'Skills'!B15<>""),'Employees'!B9,"") | B63: =IF(A63="","",'Employees'!C9) | C63: =IF(A63="","",'Skills'!B15) | D63: =IF(A63="","",'Skills'!C15) | E63: 1 | F63: 2 | G63: 3 | H63: 3 | U63: =IF(A63="","",IFERROR(INDEX(E63:T63,MATCH(TRUE,INDEX(E63:T63<>"",0),0)),"")) | V63: =IF(A63="","",IFERROR(LOOKUP(2,1/(E63:T63<>""),E63:T63),"")) | W63: =IF(OR(A63="",PreviousYear=""),"",IFERROR(LOOKUP(2,1/(E63:T63<>""),E63:T63)-INDEX(E63:T63,MATCH(PreviousYear,$E$5:$T$5,0)),"")) | X63: =IF(OR(A63="",U63="",V63=""),"",V63-U63) | Y63: =IF(A63="","",COUNT(E63:T63))
A64: =IF(AND('Employees'!B9<>"",'Skills'!B16<>""),'Employees'!B9,"") | B64: =IF(A64="","",'Employees'!C9) | C64: =IF(A64="","",'Skills'!B16) | D64: =IF(A64="","",'Skills'!C16) | E64: 4 | F64: 4 | G64: 4 | H64: 5 | U64: =IF(A64="","",IFERROR(INDEX(E64:T64,MATCH(TRUE,INDEX(E64:T64<>"",0),0)),"")) | V64: =IF(A64="","",IFERROR(LOOKUP(2,1/(E64:T64<>""),E64:T64),"")) | W64: =IF(OR(A64="",PreviousYear=""),"",IFERROR(LOOKUP(2,1/(E64:T64<>""),E64:T64)-INDEX(E64:T64,MATCH(PreviousYear,$E$5:$T$5,0)),"")) | X64: =IF(OR(A64="",U64="",V64=""),"",V64-U64) | Y64: =IF(A64="","",COUNT(E64:T64))
A65: =IF(AND('Employees'!B9<>"",'Skills'!B17<>""),'Employees'!B9,"") | B65: =IF(A65="","",'Employees'!C9) | C65: =IF(A65="","",'Skills'!B17) | D65: =IF(A65="","",'Skills'!C17) | U65: =IF(A65="","",IFERROR(INDEX(E65:T65,MATCH(TRUE,INDEX(E65:T65<>"",0),0)),"")) | V65: =IF(A65="","",IFERROR(LOOKUP(2,1/(E65:T65<>""),E65:T65),"")) | W65: =IF(OR(A65="",PreviousYear=""),"",IFERROR(LOOKUP(2,1/(E65:T65<>""),E65:T65)-INDEX(E65:T65,MATCH(PreviousYear,$E$5:$T$5,0)),"")) | X65: =IF(OR(A65="",U65="",V65=""),"",V65-U65) | Y65: =IF(A65="","",COUNT(E65:T65))
A66: =IF(AND('Employees'!B9<>"",'Skills'!B18<>""),'Employees'!B9,"") | B66: =IF(A66="","",'Employees'!C9) | C66: =IF(A66="","",'Skills'!B18) | D66: =IF(A66="","",'Skills'!C18) | U66: =IF(A66="","",IFERROR(INDEX(E66:T66,MATCH(TRUE,INDEX(E66:T66<>"",0),0)),"")) | V66: =IF(A66="","",IFERROR(LOOKUP(2,1/(E66:T66<>""),E66:T66),"")) | W66: =IF(OR(A66="",PreviousYear=""),"",IFERROR(LOOKUP(2,1/(E66:T66<>""),E66:T66)-INDEX(E66:T66,MATCH(PreviousYear,$E$5:$T$5,0)),"")) | X66: =IF(OR(A66="",U66="",V66=""),"",V66-U66) | Y66: =IF(A66="","",COUNT(E66:T66))
A67: =IF(AND('Employees'!B9<>"",'Skills'!B19<>""),'Employees'!B9,"") | B67: =IF(A67="","",'Employees'!C9) | C67: =IF(A67="","",'Skills'!B19) | D67: =IF(A67="","",'Skills'!C19) | U67: =IF(A67="","",IFERROR(INDEX(E67:T67,MATCH(TRUE,INDEX(E67:T67<>"",0),0)),"")) | V67: =IF(A67="","",IFERROR(LOOKUP(2,1/(E67:T67<>""),E67:T67),"")) | W67: =IF(OR(A67="",PreviousYear=""),"",IFERROR(LOOKUP(2,1/(E67:T67<>""),E67:T67)-INDEX(E67:T67,MATCH(PreviousYear,$E$5:$T$5,0)),"")) | X67: =IF(OR(A67="",U67="",V67=""),"",V67-U67) | Y67: =IF(A67="","",COUNT(E67:T67))
A68: =IF(AND('Employees'!B9<>"",'Skills'!B20<>""),'Employees'!B9,"") | B68: =IF(A68="","",'Employees'!C9) | C68: =IF(A68="","",'Skills'!B20) | D68: =IF(A68="","",'Skills'!C20) | U68: =IF(A68="","",IFERROR(INDEX(E68:T68,MATCH(TRUE,INDEX(E68:T68<>"",0),0)),"")) | V68: =IF(A68="","",IFERROR(LOOKUP(2,1/(E68:T68<>""),E68:T68),"")) | W68: =IF(OR(A68="",PreviousYear=""),"",IFERROR(LOOKUP(2,1/(E68:T68<>""),E68:T68)-INDEX(E68:T68,MATCH(PreviousYear,$E$5:$T$5,0)),"")) | X68: =IF(OR(A68="",U68="",V68=""),"",V68-U68) | Y68: =IF(A68="","",COUNT(E68:T68))
A69: =IF(AND('Employees'!B9<>"",'Skills'!B21<>""),'Employees'!B9,"") | B69: =IF(A69="","",'Employees'!C9) | C69: =IF(A69="","",'Skills'!B21) | D69: =IF(A69="","",'Skills'!C21) | U69: =IF(A69="","",IFERROR(INDEX(E69:T69,MATCH(TRUE,INDEX(E69:T69<>"",0),0)),"")) | V69: =IF(A69="","",IFERROR(LOOKUP(2,1/(E69:T69<>""),E69:T69),"")) | W69: =IF(OR(A69="",PreviousYear=""),"",IFERROR(LOOKUP(2,1/(E69:T69<>""),E69:T69)-INDEX(E69:T69,MATCH(PreviousYear,$E$5:$T$5,0)),"")) | X69: =IF(OR(A69="",U69="",V69=""),"",V69-U69) | Y69: =IF(A69="","",COUNT(E69:T69))
A70: =IF(AND('Employees'!B10<>"",'Skills'!B6<>""),'Employees'!B10,"") | B70: =IF(A70="","",'Employees'!C10) | C70: =IF(A70="","",'Skills'!B6) | D70: =IF(A70="","",'Skills'!C6) | F70: 1 | G70: 1 | H70: 2 | U70: =IF(A70="","",IFERROR(INDEX(E70:T70,MATCH(TRUE,INDEX(E70:T70<>"",0),0)),"")) | V70: =IF(A70="","",IFERROR(LOOKUP(2,1/(E70:T70<>""),E70:T70),"")) | W70: =IF(OR(A70="",PreviousYear=""),"",IFERROR(LOOKUP(2,1/(E70:T70<>""),E70:T70)-INDEX(E70:T70,MATCH(PreviousYear,$E$5:$T$5,0)),"")) | X70: =IF(OR(A70="",U70="",V70=""),"",V70-U70) | Y70: =IF(A70="","",COUNT(E70:T70))
A71: =IF(AND('Employees'!B10<>"",'Skills'!B7<>""),'Employees'!B10,"") | B71: =IF(A71="","",'Employees'!C10) | C71: =IF(A71="","",'Skills'!B7) | D71: =IF(A71="","",'Skills'!C7) | F71: 1 | G71: 1 | H71: 2 | U71: =IF(A71="","",IFERROR(INDEX(E71:T71,MATCH(TRUE,INDEX(E71:T71<>"",0),0)),"")) | V71: =IF(A71="","",IFERROR(LOOKUP(2,1/(E71:T71<>""),E71:T71),"")) | W71: =IF(OR(A71="",PreviousYear=""),"",IFERROR(LOOKUP(2,1/(E71:T71<>""),E71:T71)-INDEX(E71:T71,MATCH(PreviousYear,$E$5:$T$5,0)),"")) | X71: =IF(OR(A71="",U71="",V71=""),"",V71-U71) | Y71: =IF(A71="","",COUNT(E71:T71))
A72: =IF(AND('Employees'!B10<>"",'Skills'!B8<>""),'Employees'!B10,"") | B72: =IF(A72="","",'Employees'!C10) | C72: =IF(A72="","",'Skills'!B8) | D72: =IF(A72="","",'Skills'!C8) | F72: 1 | G72: 1 | H72: 2 | U72: =IF(A72="","",IFERROR(INDEX(E72:T72,MATCH(TRUE,INDEX(E72:T72<>"",0),0)),"")) | V72: =IF(A72="","",IFERROR(LOOKUP(2,1/(E72:T72<>""),E72:T72),"")) | W72: =IF(OR(A72="",PreviousYear=""),"",IFERROR(LOOKUP(2,1/(E72:T72<>""),E72:T72)-INDEX(E72:T72,MATCH(PreviousYear,$E$5:$T$5,0)),"")) | X72: =IF(OR(A72="",U72="",V72=""),"",V72-U72) | Y72: =IF(A72="","",COUNT(E72:T72))
A73: =IF(AND('Employees'!B10<>"",'Skills'!B9<>""),'Employees'!B10,"") | B73: =IF(A73="","",'Employees'!C10) | C73: =IF(A73="","",'Skills'!B9) | D73: =IF(A73="","",'Skills'!C9) | F73: 1 | G73: 1 | H73: 2 | U73: =IF(A73="","",IFERROR(INDEX(E73:T73,MATCH(TRUE,INDEX(E73:T73<>"",0),0)),"")) | V73: =IF(A73="","",IFERROR(LOOKUP(2,1/(E73:T73<>""),E73:T73),"")) | W73: =IF(OR(A73="",PreviousYear=""),"",IFERROR(LOOKUP(2,1/(E73:T73<>""),E73:T73)-INDEX(E73:T73,MATCH(PreviousYear,$E$5:$T$5,0)),"")) | X73: =IF(OR(A73="",U73="",V73=""),"",V73-U73) | Y73: =IF(A73="","",COUNT(E73:T73))
A74: =IF(AND('Employees'!B10<>"",'Skills'!B10<>""),'Employees'!B10,"") | B74: =IF(A74="","",'Employees'!C10) | C74: =IF(A74="","",'Skills'!B10) | D74: =IF(A74="","",'Skills'!C10) | F74: 1 | G74: 1 | H74: 2 | U74: =IF(A74="","",IFERROR(INDEX(E74:T74,MATCH(TRUE,INDEX(E74:T74<>"",0),0)),"")) | V74: =IF(A74="","",IFERROR(LOOKUP(2,1/(E74:T74<>""),E74:T74),"")) | W74: =IF(OR(A74="",PreviousYear=""),"",IFERROR(LOOKUP(2,1/(E74:T74<>""),E74:T74)-INDEX(E74:T74,MATCH(PreviousYear,$E$5:$T$5,0)),"")) | X74: =IF(OR(A74="",U74="",V74=""),"",V74-U74) | Y74: =IF(A74="","",COUNT(E74:T74))
A75: =IF(AND('Employees'!B10<>"",'Skills'!B11<>""),'Employees'!B10,"") | B75: =IF(A75="","",'Employees'!C10) | C75: =IF(A75="","",'Skills'!B11) | D75: =IF(A75="","",'Skills'!C11) | F75: 1 | G75: 1 | H75: 2 | U75: =IF(A75="","",IFERROR(INDEX(E75:T75,MATCH(TRUE,INDEX(E75:T75<>"",0),0)),"")) | V75: =IF(A75="","",IFERROR(LOOKUP(2,1/(E75:T75<>""),E75:T75),"")) | W75: =IF(OR(A75="",PreviousYear=""),"",IFERROR(LOOKUP(2,1/(E75:T75<>""),E75:T75)-INDEX(E75:T75,MATCH(PreviousYear,$E$5:$T$5,0)),"")) | X75: =IF(OR(A75="",U75="",V75=""),"",V75-U75) | Y75: =IF(A75="","",COUNT(E75:T75))
A76: =IF(AND('Employees'!B10<>"",'Skills'!B12<>""),'Employees'!B10,"") | B76: =IF(A76="","",'Employees'!C10) | C76: =IF(A76="","",'Skills'!B12) | D76: =IF(A76="","",'Skills'!C12) | F76: 2 | G76: 2 | H76: 3 | U76: =IF(A76="","",IFERROR(INDEX(E76:T76,MATCH(TRUE,INDEX(E76:T76<>"",0),0)),"")) | V76: =IF(A76="","",IFERROR(LOOKUP(2,1/(E76:T76<>""),E76:T76),"")) | W76: =IF(OR(A76="",PreviousYear=""),"",IFERROR(LOOKUP(2,1/(E76:T76<>""),E76:T76)-INDEX(E76:T76,MATCH(PreviousYear,$E$5:$T$5,0)),"")) | X76: =IF(OR(A76="",U76="",V76=""),"",V76-U76) | Y76: =IF(A76="","",COUNT(E76:T76))
A77: =IF(AND('Employees'!B10<>"",'Skills'!B13<>""),'Employees'!B10,"") | B77: =IF(A77="","",'Employees'!C10) | C77: =IF(A77="","",'Skills'!B13) | D77: =IF(A77="","",'Skills'!C13) | F77: 3 | G77: 3 | H77: 4 | U77: =IF(A77="","",IFERROR(INDEX(E77:T77,MATCH(TRUE,INDEX(E77:T77<>"",0),0)),"")) | V77: =IF(A77="","",IFERROR(LOOKUP(2,1/(E77:T77<>""),E77:T77),"")) | W77: =IF(OR(A77="",PreviousYear=""),"",IFERROR(LOOKUP(2,1/(E77:T77<>""),E77:T77)-INDEX(E77:T77,MATCH(PreviousYear,$E$5:$T$5,0)),"")) | X77: =IF(OR(A77="",U77="",V77=""),"",V77-U77) | Y77: =IF(A77="","",COUNT(E77:T77))
A78: =IF(AND('Employees'!B10<>"",'Skills'!B14<>""),'Employees'!B10,"") | B78: =IF(A78="","",'Employees'!C10) | C78: =IF(A78="","",'Skills'!B14) | D78: =IF(A78="","",'Skills'!C14) | F78: 3 | G78: 4 | H78: 5 | U78: =IF(A78="","",IFERROR(INDEX(E78:T78,MATCH(TRUE,INDEX(E78:T78<>"",0),0)),"")) | V78: =IF(A78="","",IFERROR(LOOKUP(2,1/(E78:T78<>""),E78:T78),"")) | W78: =IF(OR(A78="",PreviousYear=""),"",IFERROR(LOOKUP(2,1/(E78:T78<>""),E78:T78)-INDEX(E78:T78,MATCH(PreviousYear,$E$5:$T$5,0)),"")) | X78: =IF(OR(A78="",U78="",V78=""),"",V78-U78) | Y78: =IF(A78="","",COUNT(E78:T78))
A79: =IF(AND('Employees'!B10<>"",'Skills'!B15<>""),'Employees'!B10,"") | B79: =IF(A79="","",'Employees'!C10) | C79: =IF(A79="","",'Skills'!B15) | D79: =IF(A79="","",'Skills'!C15) | F79: 2 | G79: 2 | H79: 2 | U79: =IF(A79="","",IFERROR(INDEX(E79:T79,MATCH(TRUE,INDEX(E79:T79<>"",0),0)),"")) | V79: =IF(A79="","",IFERROR(LOOKUP(2,1/(E79:T79<>""),E79:T79),"")) | W79: =IF(OR(A79="",PreviousYear=""),"",IFERROR(LOOKUP(2,1/(E79:T79<>""),E79:T79)-INDEX(E79:T79,MATCH(PreviousYear,$E$5:$T$5,0)),"")) | X79: =IF(OR(A79="",U79="",V79=""),"",V79-U79) | Y79: =IF(A79="","",COUNT(E79:T79))
A80: =IF(AND('Employees'!B10<>"",'Skills'!B16<>""),'Employees'!B10,"") | B80: =IF(A80="","",'Employees'!C10) | C80: =IF(A80="","",'Skills'!B16) | D80: =IF(A80="","",'Skills'!C16) | F80: 3 | G80: 3 | H80: 4 | U80: =IF(A80="","",IFERROR(INDEX(E80:T80,MATCH(TRUE,INDEX(E80:T80<>"",0),0)),"")) | V80: =IF(A80="","",IFERROR(LOOKUP(2,1/(E80:T80<>""),E80:T80),"")) | W80: =IF(OR(A80="",PreviousYear=""),"",IFERROR(LOOKUP(2,1/(E80:T80<>""),E80:T80)-INDEX(E80:T80,MATCH(PreviousYear,$E$5:$T$5,0)),"")) | X80: =IF(OR(A80="",U80="",V80=""),"",V80-U80) | Y80: =IF(A80="","",COUNT(E80:T80))
A81: =IF(AND('Employees'!B10<>"",'Skills'!B17<>""),'Employees'!B10,"") | B81: =IF(A81="","",'Employees'!C10) | C81: =IF(A81="","",'Skills'!B17) | D81: =IF(A81="","",'Skills'!C17) | U81: =IF(A81="","",IFERROR(INDEX(E81:T81,MATCH(TRUE,INDEX(E81:T81<>"",0),0)),"")) | V81: =IF(A81="","",IFERROR(LOOKUP(2,1/(E81:T81<>""),E81:T81),"")) | W81: =IF(OR(A81="",PreviousYear=""),"",IFERROR(LOOKUP(2,1/(E81:T81<>""),E81:T81)-INDEX(E81:T81,MATCH(PreviousYear,$E$5:$T$5,0)),"")) | X81: =IF(OR(A81="",U81="",V81=""),"",V81-U81) | Y81: =IF(A81="","",COUNT(E81:T81))
A82: =IF(AND('Employees'!B10<>"",'Skills'!B18<>""),'Employees'!B10,"") | B82: =IF(A82="","",'Employees'!C10) | C82: =IF(A82="","",'Skills'!B18) | D82: =IF(A82="","",'Skills'!C18) | U82: =IF(A82="","",IFERROR(INDEX(E82:T82,MATCH(TRUE,INDEX(E82:T82<>"",0),0)),"")) | V82: =IF(A82="","",IFERROR(LOOKUP(2,1/(E82:T82<>""),E82:T82),"")) | W82: =IF(OR(A82="",PreviousYear=""),"",IFERROR(LOOKUP(2,1/(E82:T82<>""),E82:T82)-INDEX(E82:T82,MATCH(PreviousYear,$E$5:$T$5,0)),"")) | X82: =IF(OR(A82="",U82="",V82=""),"",V82-U82) | Y82: =IF(A82="","",COUNT(E82:T82))
A83: =IF(AND('Employees'!B10<>"",'Skills'!B19<>""),'Employees'!B10,"") | B83: =IF(A83="","",'Employees'!C10) | C83: =IF(A83="","",'Skills'!B19) | D83: =IF(A83="","",'Skills'!C19) | U83: =IF(A83="","",IFERROR(INDEX(E83:T83,MATCH(TRUE,INDEX(E83:T83<>"",0),0)),"")) | V83: =IF(A83="","",IFERROR(LOOKUP(2,1/(E83:T83<>""),E83:T83),"")) | W83: =IF(OR(A83="",PreviousYear=""),"",IFERROR(LOOKUP(2,1/(E83:T83<>""),E83:T83)-INDEX(E83:T83,MATCH(PreviousYear,$E$5:$T$5,0)),"")) | X83: =IF(OR(A83="",U83="",V83=""),"",V83-U83) | Y83: =IF(A83="","",COUNT(E83:T83))
A84: =IF(AND('Employees'!B10<>"",'Skills'!B20<>""),'Employees'!B10,"") | B84: =IF(A84="","",'Employees'!C10) | C84: =IF(A84="","",'Skills'!B20) | D84: =IF(A84="","",'Skills'!C20) | U84: =IF(A84="","",IFERROR(INDEX(E84:T84,MATCH(TRUE,INDEX(E84:T84<>"",0),0)),"")) | V84: =IF(A84="","",IFERROR(LOOKUP(2,1/(E84:T84<>""),E84:T84),"")) | W84: =IF(OR(A84="",PreviousYear=""),"",IFERROR(LOOKUP(2,1/(E84:T84<>""),E84:T84)-INDEX(E84:T84,MATCH(PreviousYear,$E$5:$T$5,0)),"")) | X84: =IF(OR(A84="",U84="",V84=""),"",V84-U84) | Y84: =IF(A84="","",COUNT(E84:T84))
A85: =IF(AND('Employees'!B10<>"",'Skills'!B21<>""),'Employees'!B10,"") | B85: =IF(A85="","",'Employees'!C10) | C85: =IF(A85="","",'Skills'!B21) | D85: =IF(A85="","",'Skills'!C21) | U85: =IF(A85="","",IFERROR(INDEX(E85:T85,MATCH(TRUE,INDEX(E85:T85<>"",0),0)),"")) | V85: =IF(A85="","",IFERROR(LOOKUP(2,1/(E85:T85<>""),E85:T85),"")) | W85: =IF(OR(A85="",PreviousYear=""),"",IFERROR(LOOKUP(2,1/(E85:T85<>""),E85:T85)-INDEX(E85:T85,MATCH(PreviousYear,$E$5:$T$5,0)),"")) | X85: =IF(OR(A85="",U85="",V85=""),"",V85-U85) | Y85: =IF(A85="","",COUNT(E85:T85))
A86: =IF(AND('Employees'!B11<>"",'Skills'!B6<>""),'Employees'!B11,"") | B86: =IF(A86="","",'Employees'!C11) | C86: =IF(A86="","",'Skills'!B6) | D86: =IF(A86="","",'Skills'!C6) | E86: 1 | F86: 1 | G86: 1 | H86: 2 | U86: =IF(A86="","",IFERROR(INDEX(E86:T86,MATCH(TRUE,INDEX(E86:T86<>"",0),0)),"")) | V86: =IF(A86="","",IFERROR(LOOKUP(2,1/(E86:T86<>""),E86:T86),"")) | W86: =IF(OR(A86="",PreviousYear=""),"",IFERROR(LOOKUP(2,1/(E86:T86<>""),E86:T86)-INDEX(E86:T86,MATCH(PreviousYear,$E$5:$T$5,0)),"")) | X86: =IF(OR(A86="",U86="",V86=""),"",V86-U86) | Y86: =IF(A86="","",COUNT(E86:T86))
A87: =IF(AND('Employees'!B11<>"",'Skills'!B7<>""),'Employees'!B11,"") | B87: =IF(A87="","",'Employees'!C11) | C87: =IF(A87="","",'Skills'!B7) | D87: =IF(A87="","",'Skills'!C7) | E87: 1 | F87: 1 | G87: 2 | H87: 2 | U87: =IF(A87="","",IFERROR(INDEX(E87:T87,MATCH(TRUE,INDEX(E87:T87<>"",0),0)),"")) | V87: =IF(A87="","",IFERROR(LOOKUP(2,1/(E87:T87<>""),E87:T87),"")) | W87: =IF(OR(A87="",PreviousYear=""),"",IFERROR(LOOKUP(2,1/(E87:T87<>""),E87:T87)-INDEX(E87:T87,MATCH(PreviousYear,$E$5:$T$5,0)),"")) | X87: =IF(OR(A87="",U87="",V87=""),"",V87-U87) | Y87: =IF(A87="","",COUNT(E87:T87))
A88: =IF(AND('Employees'!B11<>"",'Skills'!B8<>""),'Employees'!B11,"") | B88: =IF(A88="","",'Employees'!C11) | C88: =IF(A88="","",'Skills'!B8) | D88: =IF(A88="","",'Skills'!C8) | E88: 1 | F88: 1 | G88: 1 | H88: 2 | U88: =IF(A88="","",IFERROR(INDEX(E88:T88,MATCH(TRUE,INDEX(E88:T88<>"",0),0)),"")) | V88: =IF(A88="","",IFERROR(LOOKUP(2,1/(E88:T88<>""),E88:T88),"")) | W88: =IF(OR(A88="",PreviousYear=""),"",IFERROR(LOOKUP(2,1/(E88:T88<>""),E88:T88)-INDEX(E88:T88,MATCH(PreviousYear,$E$5:$T$5,0)),"")) | X88: =IF(OR(A88="",U88="",V88=""),"",V88-U88) | Y88: =IF(A88="","",COUNT(E88:T88))
A89: =IF(AND('Employees'!B11<>"",'Skills'!B9<>""),'Employees'!B11,"") | B89: =IF(A89="","",'Employees'!C11) | C89: =IF(A89="","",'Skills'!B9) | D89: =IF(A89="","",'Skills'!C9) | E89: 1 | F89: 2 | G89: 2 | H89: 2 | U89: =IF(A89="","",IFERROR(INDEX(E89:T89,MATCH(TRUE,INDEX(E89:T89<>"",0),0)),"")) | V89: =IF(A89="","",IFERROR(LOOKUP(2,1/(E89:T89<>""),E89:T89),"")) | W89: =IF(OR(A89="",PreviousYear=""),"",IFERROR(LOOKUP(2,1/(E89:T89<>""),E89:T89)-INDEX(E89:T89,MATCH(PreviousYear,$E$5:$T$5,0)),"")) | X89: =IF(OR(A89="",U89="",V89=""),"",V89-U89) | Y89: =IF(A89="","",COUNT(E89:T89))
A90: =IF(AND('Employees'!B11<>"",'Skills'!B10<>""),'Employees'!B11,"") | B90: =IF(A90="","",'Employees'!C11) | C90: =IF(A90="","",'Skills'!B10) | D90: =IF(A90="","",'Skills'!C10) | E90: 1 | F90: 1 | G90: 1 | H90: 2 | U90: =IF(A90="","",IFERROR(INDEX(E90:T90,MATCH(TRUE,INDEX(E90:T90<>"",0),0)),"")) | V90: =IF(A90="","",IFERROR(LOOKUP(2,1/(E90:T90<>""),E90:T90),"")) | W90: =IF(OR(A90="",PreviousYear=""),"",IFERROR(LOOKUP(2,1/(E90:T90<>""),E90:T90)-INDEX(E90:T90,MATCH(PreviousYear,$E$5:$T$5,0)),"")) | X90: =IF(OR(A90="",U90="",V90=""),"",V90-U90) | Y90: =IF(A90="","",COUNT(E90:T90))
A91: =IF(AND('Employees'!B11<>"",'Skills'!B11<>""),'Employees'!B11,"") | B91: =IF(A91="","",'Employees'!C11) | C91: =IF(A91="","",'Skills'!B11) | D91: =IF(A91="","",'Skills'!C11) | E91: 1 | F91: 2 | G91: 2 | H91: 2 | U91: =IF(A91="","",IFERROR(INDEX(E91:T91,MATCH(TRUE,INDEX(E91:T91<>"",0),0)),"")) | V91: =IF(A91="","",IFERROR(LOOKUP(2,1/(E91:T91<>""),E91:T91),"")) | W91: =IF(OR(A91="",PreviousYear=""),"",IFERROR(LOOKUP(2,1/(E91:T91<>""),E91:T91)-INDEX(E91:T91,MATCH(PreviousYear,$E$5:$T$5,0)),"")) | X91: =IF(OR(A91="",U91="",V91=""),"",V91-U91) | Y91: =IF(A91="","",COUNT(E91:T91))
A92: =IF(AND('Employees'!B11<>"",'Skills'!B12<>""),'Employees'!B11,"") | B92: =IF(A92="","",'Employees'!C11) | C92: =IF(A92="","",'Skills'!B12) | D92: =IF(A92="","",'Skills'!C12) | E92: 3 | F92: 3 | G92: 3 | H92: 3 | U92: =IF(A92="","",IFERROR(INDEX(E92:T92,MATCH(TRUE,INDEX(E92:T92<>"",0),0)),"")) | V92: =IF(A92="","",IFERROR(LOOKUP(2,1/(E92:T92<>""),E92:T92),"")) | W92: =IF(OR(A92="",PreviousYear=""),"",IFERROR(LOOKUP(2,1/(E92:T92<>""),E92:T92)-INDEX(E92:T92,MATCH(PreviousYear,$E$5:$T$5,0)),"")) | X92: =IF(OR(A92="",U92="",V92=""),"",V92-U92) | Y92: =IF(A92="","",COUNT(E92:T92))
A93: =IF(AND('Employees'!B11<>"",'Skills'!B13<>""),'Employees'!B11,"") | B93: =IF(A93="","",'Employees'!C11) | C93: =IF(A93="","",'Skills'!B13) | D93: =IF(A93="","",'Skills'!C13) | E93: 1 | F93: 2 | G93: 3 | H93: 3 | U93: =IF(A93="","",IFERROR(INDEX(E93:T93,MATCH(TRUE,INDEX(E93:T93<>"",0),0)),"")) | V93: =IF(A93="","",IFERROR(LOOKUP(2,1/(E93:T93<>""),E93:T93),"")) | W93: =IF(OR(A93="",PreviousYear=""),"",IFERROR(LOOKUP(2,1/(E93:T93<>""),E93:T93)-INDEX(E93:T93,MATCH(PreviousYear,$E$5:$T$5,0)),"")) | X93: =IF(OR(A93="",U93="",V93=""),"",V93-U93) | Y93: =IF(A93="","",COUNT(E93:T93))
A94: =IF(AND('Employees'!B11<>"",'Skills'!B14<>""),'Employees'!B11,"") | B94: =IF(A94="","",'Employees'!C11) | C94: =IF(A94="","",'Skills'!B14) | D94: =IF(A94="","",'Skills'!C14) | E94: 3 | F94: 3 | G94: 3 | H94: 3 | U94: =IF(A94="","",IFERROR(INDEX(E94:T94,MATCH(TRUE,INDEX(E94:T94<>"",0),0)),"")) | V94: =IF(A94="","",IFERROR(LOOKUP(2,1/(E94:T94<>""),E94:T94),"")) | W94: =IF(OR(A94="",PreviousYear=""),"",IFERROR(LOOKUP(2,1/(E94:T94<>""),E94:T94)-INDEX(E94:T94,MATCH(PreviousYear,$E$5:$T$5,0)),"")) | X94: =IF(OR(A94="",U94="",V94=""),"",V94-U94) | Y94: =IF(A94="","",COUNT(E94:T94))
A95: =IF(AND('Employees'!B11<>"",'Skills'!B15<>""),'Employees'!B11,"") | B95: =IF(A95="","",'Employees'!C11) | C95: =IF(A95="","",'Skills'!B15) | D95: =IF(A95="","",'Skills'!C15) | E95: 3 | F95: 4 | G95: 4 | H95: 5 | U95: =IF(A95="","",IFERROR(INDEX(E95:T95,MATCH(TRUE,INDEX(E95:T95<>"",0),0)),"")) | V95: =IF(A95="","",IFERROR(LOOKUP(2,1/(E95:T95<>""),E95:T95),"")) | W95: =IF(OR(A95="",PreviousYear=""),"",IFERROR(LOOKUP(2,1/(E95:T95<>""),E95:T95)-INDEX(E95:T95,MATCH(PreviousYear,$E$5:$T$5,0)),"")) | X95: =IF(OR(A95="",U95="",V95=""),"",V95-U95) | Y95: =IF(A95="","",COUNT(E95:T95))
A96: =IF(AND('Employees'!B11<>"",'Skills'!B16<>""),'Employees'!B11,"") | B96: =IF(A96="","",'Employees'!C11) | C96: =IF(A96="","",'Skills'!B16) | D96: =IF(A96="","",'Skills'!C16) | E96: 1 | F96: 1 | G96: 2 | H96: 3 | U96: =IF(A96="","",IFERROR(INDEX(E96:T96,MATCH(TRUE,INDEX(E96:T96<>"",0),0)),"")) | V96: =IF(A96="","",IFERROR(LOOKUP(2,1/(E96:T96<>""),E96:T96),"")) | W96: =IF(OR(A96="",PreviousYear=""),"",IFERROR(LOOKUP(2,1/(E96:T96<>""),E96:T96)-INDEX(E96:T96,MATCH(PreviousYear,$E$5:$T$5,0)),"")) | X96: =IF(OR(A96="",U96="",V96=""),"",V96-U96) | Y96: =IF(A96="","",COUNT(E96:T96))
A97: =IF(AND('Employees'!B11<>"",'Skills'!B17<>""),'Employees'!B11,"") | B97: =IF(A97="","",'Employees'!C11) | C97: =IF(A97="","",'Skills'!B17) | D97: =IF(A97="","",'Skills'!C17) | U97: =IF(A97="","",IFERROR(INDEX(E97:T97,MATCH(TRUE,INDEX(E97:T97<>"",0),0)),"")) | V97: =IF(A97="","",IFERROR(LOOKUP(2,1/(E97:T97<>""),E97:T97),"")) | W97: =IF(OR(A97="",PreviousYear=""),"",IFERROR(LOOKUP(2,1/(E97:T97<>""),E97:T97)-INDEX(E97:T97,MATCH(PreviousYear,$E$5:$T$5,0)),"")) | X97: =IF(OR(A97="",U97="",V97=""),"",V97-U97) | Y97: =IF(A97="","",COUNT(E97:T97))
A98: =IF(AND('Employees'!B11<>"",'Skills'!B18<>""),'Employees'!B11,"") | B98: =IF(A98="","",'Employees'!C11) | C98: =IF(A98="","",'Skills'!B18) | D98: =IF(A98="","",'Skills'!C18) | U98: =IF(A98="","",IFERROR(INDEX(E98:T98,MATCH(TRUE,INDEX(E98:T98<>"",0),0)),"")) | V98: =IF(A98="","",IFERROR(LOOKUP(2,1/(E98:T98<>""),E98:T98),"")) | W98: =IF(OR(A98="",PreviousYear=""),"",IFERROR(LOOKUP(2,1/(E98:T98<>""),E98:T98)-INDEX(E98:T98,MATCH(PreviousYear,$E$5:$T$5,0)),"")) | X98: =IF(OR(A98="",U98="",V98=""),"",V98-U98) | Y98: =IF(A98="","",COUNT(E98:T98))
A99: =IF(AND('Employees'!B11<>"",'Skills'!B19<>""),'Employees'!B11,"") | B99: =IF(A99="","",'Employees'!C11) | C99: =IF(A99="","",'Skills'!B19) | D99: =IF(A99="","",'Skills'!C19) | U99: =IF(A99="","",IFERROR(INDEX(E99:T99,MATCH(TRUE,INDEX(E99:T99<>"",0),0)),"")) | V99: =IF(A99="","",IFERROR(LOOKUP(2,1/(E99:T99<>""),E99:T99),"")) | W99: =IF(OR(A99="",PreviousYear=""),"",IFERROR(LOOKUP(2,1/(E99:T99<>""),E99:T99)-INDEX(E99:T99,MATCH(PreviousYear,$E$5:$T$5,0)),"")) | X99: =IF(OR(A99="",U99="",V99=""),"",V99-U99) | Y99: =IF(A99="","",COUNT(E99:T99))
A100: =IF(AND('Employees'!B11<>"",'Skills'!B20<>""),'Employees'!B11,"") | B100: =IF(A100="","",'Employees'!C11) | C100: =IF(A100="","",'Skills'!B20) | D100: =IF(A100="","",'Skills'!C20) | U100: =IF(A100="","",IFERROR(INDEX(E100:T100,MATCH(TRUE,INDEX(E100:T100<>"",0),0)),"")) | V100: =IF(A100="","",IFERROR(LOOKUP(2,1/(E100:T100<>""),E100:T100),"")) | W100: =IF(OR(A100="",PreviousYear=""),"",IFERROR(LOOKUP(2,1/(E100:T100<>""),E100:T100)-INDEX(E100:T100,MATCH(PreviousYear,$E$5:$T$5,0)),"")) | X100: =IF(OR(A100="",U100="",V100=""),"",V100-U100) | Y100: =IF(A100="","",COUNT(E100:T100))
A101: =IF(AND('Employees'!B11<>"",'Skills'!B21<>""),'Employees'!B11,"") | B101: =IF(A101="","",'Employees'!C11) | C101: =IF(A101="","",'Skills'!B21) | D101: =IF(A101="","",'Skills'!C21) | U101: =IF(A101="","",IFERROR(INDEX(E101:T101,MATCH(TRUE,INDEX(E101:T101<>"",0),0)),"")) | V101: =IF(A101="","",IFERROR(LOOKUP(2,1/(E101:T101<>""),E101:T101),"")) | W101: =IF(OR(A101="",PreviousYear=""),"",IFERROR(LOOKUP(2,1/(E101:T101<>""),E101:T101)-INDEX(E101:T101,MATCH(PreviousYear,$E$5:$T$5,0)),"")) | X101: =IF(OR(A101="",U101="",V101=""),"",V101-U101) | Y101: =IF(A101="","",COUNT(E101:T101))
...

Sheet Dashboard
A1: ='How to Use'!A1 | C1: How to Use | D1: Skill Matrix | E1: Dashboard | F1: Employees | G1: Skills | H1: Years | I1: Lists | J1: Settings
C2: Dashboard
A3: Look at Team, Skillsets, or Individual, then From year and To year. The Skillset dropdown is the job to fill: switch Look at to Skillsets and everyone is ranked on that skill. Top row is the best candidate.
A5: Look at | B5: Team | C5: From year | D5: 2023 | E5: To year | F5: 2026
A6: Department | B6: (All departments) | C6: Skillset | D6: Broadcast Camera Operation | E6: Employee | F6: Alex Rivera | G6: Team uses Department. Skillsets uses Skillset (who can do that job). Individual uses Employee.
A7: =IF(ViewMode="Team","Team: year-on-year overall ratings"&IF(DeptFilter="(All departments)",""," | "&DeptFilter)&" ("&DashFromYear&" vs "&DashToYear&")",IF(ViewMode="Skillsets","Who is the best candidate for the job: "&SkillSetFilter&" ("&DashFromYear&" vs "&DashToYear&")","Individual: "&EmpFilter&" vs themselves ("&DashFromYear&" vs "&DashToYear&")"))
A8: =IF(ViewMode="Team","Year",IF(ViewMode="Skillsets","Rank","Skillset")) | B8: =IF(ViewMode="Team","Overall rating",IF(ViewMode="Skillsets","Employee","From")) | C8: =IF(ViewMode="Team","Change vs prior year",IF(ViewMode="Skillsets","Department","To")) | D8: =IF(ViewMode="Skillsets",DashFromYear,IF(ViewMode="Individual","Change","")) | E8: =IF(ViewMode="Skillsets",DashToYear,"") | F8: =IF(ViewMode="Skillsets","Change","")
A9: =IF(ViewMode="Team",IF(Calc!A5="","",Calc!A5),IF(ViewMode="Skillsets",IF(Calc!S8="","",1),IF(Calc!G5="","",Calc!G5))) | B9: =IF(ViewMode="Team",IF(A9="","",IF(ISNA(Calc!B5),"",Calc!B5)),IF(ViewMode="Skillsets",IF(A9="","",Calc!S8),IF(A9="","",IF(Calc!H5="","",Calc!H5)))) | C9: =IF(ViewMode="Team",IF(OR(A9="",B9="",NOT(ISNUMBER(B9)),NOT(ISNUMBER(B8))),"",B9-B8),IF(ViewMode="Skillsets",IF(B9="","",IFERROR(INDEX(Employees!C6:C21,MATCH(B9,Employees!B6:B21,0)),"")),IF(A9="","",IF(Calc!I5="","",Calc!I5)))) | D9: =IF(ViewMode="Skillsets",IF(B9="","",IFERROR(INDEX(Calc!N8:N23,MATCH(B9,Calc!L8:L23,0)),"")),IF(ViewMode="Individual",IF(OR(B9="",C9=""),"",C9-B9),"")) | E9: =IF(ViewMode<>"Skillsets","",IF(B9="","",Calc!T8)) | F9: =IF(ViewMode<>"Skillsets","",IF(OR(D9="",E9=""),"",E9-D9))
A10: =IF(ViewMode="Team",IF(Calc!A6="","",Calc!A6),IF(ViewMode="Skillsets",IF(Calc!S9="","",2),IF(Calc!G6="","",Calc!G6))) | B10: =IF(ViewMode="Team",IF(A10="","",IF(ISNA(Calc!B6),"",Calc!B6)),IF(ViewMode="Skillsets",IF(A10="","",Calc!S9),IF(A10="","",IF(Calc!H6="","",Calc!H6)))) | C10: =IF(ViewMode="Team",IF(OR(A10="",B10="",NOT(ISNUMBER(B10)),NOT(ISNUMBER(B9))),"",B10-B9),IF(ViewMode="Skillsets",IF(B10="","",IFERROR(INDEX(Employees!C6:C21,MATCH(B10,Employees!B6:B21,0)),"")),IF(A10="","",IF(Calc!I6="","",Calc!I6)))) | D10: =IF(ViewMode="Skillsets",IF(B10="","",IFERROR(INDEX(Calc!N8:N23,MATCH(B10,Calc!L8:L23,0)),"")),IF(ViewMode="Individual",IF(OR(B10="",C10=""),"",C10-B10),"")) | E10: =IF(ViewMode<>"Skillsets","",IF(B10="","",Calc!T9)) | F10: =IF(ViewMode<>"Skillsets","",IF(OR(D10="",E10=""),"",E10-D10))
A11: =IF(ViewMode="Team",IF(Calc!A7="","",Calc!A7),IF(ViewMode="Skillsets",IF(Calc!S10="","",3),IF(Calc!G7="","",Calc!G7))) | B11: =IF(ViewMode="Team",IF(A11="","",IF(ISNA(Calc!B7),"",Calc!B7)),IF(ViewMode="Skillsets",IF(A11="","",Calc!S10),IF(A11="","",IF(Calc!H7="","",Calc!H7)))) | C11: =IF(ViewMode="Team",IF(OR(A11="",B11="",NOT(ISNUMBER(B11)),NOT(ISNUMBER(B10))),"",B11-B10),IF(ViewMode="Skillsets",IF(B11="","",IFERROR(INDEX(Employees!C6:C21,MATCH(B11,Employees!B6:B21,0)),"")),IF(A11="","",IF(Calc!I7="","",Calc!I7)))) | D11: =IF(ViewMode="Skillsets",IF(B11="","",IFERROR(INDEX(Calc!N8:N23,MATCH(B11,Calc!L8:L23,0)),"")),IF(ViewMode="Individual",IF(OR(B11="",C11=""),"",C11-B11),"")) | E11: =IF(ViewMode<>"Skillsets","",IF(B11="","",Calc!T10)) | F11: =IF(ViewMode<>"Skillsets","",IF(OR(D11="",E11=""),"",E11-D11))
A12: =IF(ViewMode="Team",IF(Calc!A8="","",Calc!A8),IF(ViewMode="Skillsets",IF(Calc!S11="","",4),IF(Calc!G8="","",Calc!G8))) | B12: =IF(ViewMode="Team",IF(A12="","",IF(ISNA(Calc!B8),"",Calc!B8)),IF(ViewMode="Skillsets",IF(A12="","",Calc!S11),IF(A12="","",IF(Calc!H8="","",Calc!H8)))) | C12: =IF(ViewMode="Team",IF(OR(A12="",B12="",NOT(ISNUMBER(B12)),NOT(ISNUMBER(B11))),"",B12-B11),IF(ViewMode="Skillsets",IF(B12="","",IFERROR(INDEX(Employees!C6:C21,MATCH(B12,Employees!B6:B21,0)),"")),IF(A12="","",IF(Calc!I8="","",Calc!I8)))) | D12: =IF(ViewMode="Skillsets",IF(B12="","",IFERROR(INDEX(Calc!N8:N23,MATCH(B12,Calc!L8:L23,0)),"")),IF(ViewMode="Individual",IF(OR(B12="",C12=""),"",C12-B12),"")) | E12: =IF(ViewMode<>"Skillsets","",IF(B12="","",Calc!T11)) | F12: =IF(ViewMode<>"Skillsets","",IF(OR(D12="",E12=""),"",E12-D12))
A13: =IF(ViewMode="Team",IF(Calc!A9="","",Calc!A9),IF(ViewMode="Skillsets",IF(Calc!S12="","",5),IF(Calc!G9="","",Calc!G9))) | B13: =IF(ViewMode="Team",IF(A13="","",IF(ISNA(Calc!B9),"",Calc!B9)),IF(ViewMode="Skillsets",IF(A13="","",Calc!S12),IF(A13="","",IF(Calc!H9="","",Calc!H9)))) | C13: =IF(ViewMode="Team",IF(OR(A13="",B13="",NOT(ISNUMBER(B13)),NOT(ISNUMBER(B12))),"",B13-B12),IF(ViewMode="Skillsets",IF(B13="","",IFERROR(INDEX(Employees!C6:C21,MATCH(B13,Employees!B6:B21,0)),"")),IF(A13="","",IF(Calc!I9="","",Calc!I9)))) | D13: =IF(ViewMode="Skillsets",IF(B13="","",IFERROR(INDEX(Calc!N8:N23,MATCH(B13,Calc!L8:L23,0)),"")),IF(ViewMode="Individual",IF(OR(B13="",C13=""),"",C13-B13),"")) | E13: =IF(ViewMode<>"Skillsets","",IF(B13="","",Calc!T12)) | F13: =IF(ViewMode<>"Skillsets","",IF(OR(D13="",E13=""),"",E13-D13))
A14: =IF(ViewMode="Team",IF(Calc!A10="","",Calc!A10),IF(ViewMode="Skillsets",IF(Calc!S13="","",6),IF(Calc!G10="","",Calc!G10))) | B14: =IF(ViewMode="Team",IF(A14="","",IF(ISNA(Calc!B10),"",Calc!B10)),IF(ViewMode="Skillsets",IF(A14="","",Calc!S13),IF(A14="","",IF(Calc!H10="","",Calc!H10)))) | C14: =IF(ViewMode="Team",IF(OR(A14="",B14="",NOT(ISNUMBER(B14)),NOT(ISNUMBER(B13))),"",B14-B13),IF(ViewMode="Skillsets",IF(B14="","",IFERROR(INDEX(Employees!C6:C21,MATCH(B14,Employees!B6:B21,0)),"")),IF(A14="","",IF(Calc!I10="","",Calc!I10)))) | D14: =IF(ViewMode="Skillsets",IF(B14="","",IFERROR(INDEX(Calc!N8:N23,MATCH(B14,Calc!L8:L23,0)),"")),IF(ViewMode="Individual",IF(OR(B14="",C14=""),"",C14-B14),"")) | E14: =IF(ViewMode<>"Skillsets","",IF(B14="","",Calc!T13)) | F14: =IF(ViewMode<>"Skillsets","",IF(OR(D14="",E14=""),"",E14-D14))
A15: =IF(ViewMode="Team",IF(Calc!A11="","",Calc!A11),IF(ViewMode="Skillsets",IF(Calc!S14="","",7),IF(Calc!G11="","",Calc!G11))) | B15: =IF(ViewMode="Team",IF(A15="","",IF(ISNA(Calc!B11),"",Calc!B11)),IF(ViewMode="Skillsets",IF(A15="","",Calc!S14),IF(A15="","",IF(Calc!H11="","",Calc!H11)))) | C15: =IF(ViewMode="Team",IF(OR(A15="",B15="",NOT(ISNUMBER(B15)),NOT(ISNUMBER(B14))),"",B15-B14),IF(ViewMode="Skillsets",IF(B15="","",IFERROR(INDEX(Employees!C6:C21,MATCH(B15,Employees!B6:B21,0)),"")),IF(A15="","",IF(Calc!I11="","",Calc!I11)))) | D15: =IF(ViewMode="Skillsets",IF(B15="","",IFERROR(INDEX(Calc!N8:N23,MATCH(B15,Calc!L8:L23,0)),"")),IF(ViewMode="Individual",IF(OR(B15="",C15=""),"",C15-B15),"")) | E15: =IF(ViewMode<>"Skillsets","",IF(B15="","",Calc!T14)) | F15: =IF(ViewMode<>"Skillsets","",IF(OR(D15="",E15=""),"",E15-D15))
A16: =IF(ViewMode="Team",IF(Calc!A12="","",Calc!A12),IF(ViewMode="Skillsets",IF(Calc!S15="","",8),IF(Calc!G12="","",Calc!G12))) | B16: =IF(ViewMode="Team",IF(A16="","",IF(ISNA(Calc!B12),"",Calc!B12)),IF(ViewMode="Skillsets",IF(A16="","",Calc!S15),IF(A16="","",IF(Calc!H12="","",Calc!H12)))) | C16: =IF(ViewMode="Team",IF(OR(A16="",B16="",NOT(ISNUMBER(B16)),NOT(ISNUMBER(B15))),"",B16-B15),IF(ViewMode="Skillsets",IF(B16="","",IFERROR(INDEX(Employees!C6:C21,MATCH(B16,Employees!B6:B21,0)),"")),IF(A16="","",IF(Calc!I12="","",Calc!I12)))) | D16: =IF(ViewMode="Skillsets",IF(B16="","",IFERROR(INDEX(Calc!N8:N23,MATCH(B16,Calc!L8:L23,0)),"")),IF(ViewMode="Individual",IF(OR(B16="",C16=""),"",C16-B16),"")) | E16: =IF(ViewMode<>"Skillsets","",IF(B16="","",Calc!T15)) | F16: =IF(ViewMode<>"Skillsets","",IF(OR(D16="",E16=""),"",E16-D16))
A17: =IF(ViewMode="Team",IF(Calc!A13="","",Calc!A13),IF(ViewMode="Skillsets",IF(Calc!S16="","",9),IF(Calc!G13="","",Calc!G13))) | B17: =IF(ViewMode="Team",IF(A17="","",IF(ISNA(Calc!B13),"",Calc!B13)),IF(ViewMode="Skillsets",IF(A17="","",Calc!S16),IF(A17="","",IF(Calc!H13="","",Calc!H13)))) | C17: =IF(ViewMode="Team",IF(OR(A17="",B17="",NOT(ISNUMBER(B17)),NOT(ISNUMBER(B16))),"",B17-B16),IF(ViewMode="Skillsets",IF(B17="","",IFERROR(INDEX(Employees!C6:C21,MATCH(B17,Employees!B6:B21,0)),"")),IF(A17="","",IF(Calc!I13="","",Calc!I13)))) | D17: =IF(ViewMode="Skillsets",IF(B17="","",IFERROR(INDEX(Calc!N8:N23,MATCH(B17,Calc!L8:L23,0)),"")),IF(ViewMode="Individual",IF(OR(B17="",C17=""),"",C17-B17),"")) | E17: =IF(ViewMode<>"Skillsets","",IF(B17="","",Calc!T16)) | F17: =IF(ViewMode<>"Skillsets","",IF(OR(D17="",E17=""),"",E17-D17))
A18: =IF(ViewMode="Team",IF(Calc!A14="","",Calc!A14),IF(ViewMode="Skillsets",IF(Calc!S17="","",10),IF(Calc!G14="","",Calc!G14))) | B18: =IF(ViewMode="Team",IF(A18="","",IF(ISNA(Calc!B14),"",Calc!B14)),IF(ViewMode="Skillsets",IF(A18="","",Calc!S17),IF(A18="","",IF(Calc!H14="","",Calc!H14)))) | C18: =IF(ViewMode="Team",IF(OR(A18="",B18="",NOT(ISNUMBER(B18)),NOT(ISNUMBER(B17))),"",B18-B17),IF(ViewMode="Skillsets",IF(B18="","",IFERROR(INDEX(Employees!C6:C21,MATCH(B18,Employees!B6:B21,0)),"")),IF(A18="","",IF(Calc!I14="","",Calc!I14)))) | D18: =IF(ViewMode="Skillsets",IF(B18="","",IFERROR(INDEX(Calc!N8:N23,MATCH(B18,Calc!L8:L23,0)),"")),IF(ViewMode="Individual",IF(OR(B18="",C18=""),"",C18-B18),"")) | E18: =IF(ViewMode<>"Skillsets","",IF(B18="","",Calc!T17)) | F18: =IF(ViewMode<>"Skillsets","",IF(OR(D18="",E18=""),"",E18-D18))
A19: =IF(ViewMode="Team",IF(Calc!A15="","",Calc!A15),IF(ViewMode="Skillsets",IF(Calc!S18="","",11),IF(Calc!G15="","",Calc!G15))) | B19: =IF(ViewMode="Team",IF(A19="","",IF(ISNA(Calc!B15),"",Calc!B15)),IF(ViewMode="Skillsets",IF(A19="","",Calc!S18),IF(A19="","",IF(Calc!H15="","",Calc!H15)))) | C19: =IF(ViewMode="Team",IF(OR(A19="",B19="",NOT(ISNUMBER(B19)),NOT(ISNUMBER(B18))),"",B19-B18),IF(ViewMode="Skillsets",IF(B19="","",IFERROR(INDEX(Employees!C6:C21,MATCH(B19,Employees!B6:B21,0)),"")),IF(A19="","",IF(Calc!I15="","",Calc!I15)))) | D19: =IF(ViewMode="Skillsets",IF(B19="","",IFERROR(INDEX(Calc!N8:N23,MATCH(B19,Calc!L8:L23,0)),"")),IF(ViewMode="Individual",IF(OR(B19="",C19=""),"",C19-B19),"")) | E19: =IF(ViewMode<>"Skillsets","",IF(B19="","",Calc!T18)) | F19: =IF(ViewMode<>"Skillsets","",IF(OR(D19="",E19=""),"",E19-D19))
A20: =IF(ViewMode="Team",IF(Calc!A16="","",Calc!A16),IF(ViewMode="Skillsets",IF(Calc!S19="","",12),IF(Calc!G16="","",Calc!G16))) | B20: =IF(ViewMode="Team",IF(A20="","",IF(ISNA(Calc!B16),"",Calc!B16)),IF(ViewMode="Skillsets",IF(A20="","",Calc!S19),IF(A20="","",IF(Calc!H16="","",Calc!H16)))) | C20: =IF(ViewMode="Team",IF(OR(A20="",B20="",NOT(ISNUMBER(B20)),NOT(ISNUMBER(B19))),"",B20-B19),IF(ViewMode="Skillsets",IF(B20="","",IFERROR(INDEX(Employees!C6:C21,MATCH(B20,Employees!B6:B21,0)),"")),IF(A20="","",IF(Calc!I16="","",Calc!I16)))) | D20: =IF(ViewMode="Skillsets",IF(B20="","",IFERROR(INDEX(Calc!N8:N23,MATCH(B20,Calc!L8:L23,0)),"")),IF(ViewMode="Individual",IF(OR(B20="",C20=""),"",C20-B20),"")) | E20: =IF(ViewMode<>"Skillsets","",IF(B20="","",Calc!T19)) | F20: =IF(ViewMode<>"Skillsets","",IF(OR(D20="",E20=""),"",E20-D20))
A21: =IF(ViewMode="Team",IF(Calc!A17="","",Calc!A17),IF(ViewMode="Skillsets",IF(Calc!S20="","",13),IF(Calc!G17="","",Calc!G17))) | B21: =IF(ViewMode="Team",IF(A21="","",IF(ISNA(Calc!B17),"",Calc!B17)),IF(ViewMode="Skillsets",IF(A21="","",Calc!S20),IF(A21="","",IF(Calc!H17="","",Calc!H17)))) | C21: =IF(ViewMode="Team",IF(OR(A21="",B21="",NOT(ISNUMBER(B21)),NOT(ISNUMBER(B20))),"",B21-B20),IF(ViewMode="Skillsets",IF(B21="","",IFERROR(INDEX(Employees!C6:C21,MATCH(B21,Employees!B6:B21,0)),"")),IF(A21="","",IF(Calc!I17="","",Calc!I17)))) | D21: =IF(ViewMode="Skillsets",IF(B21="","",IFERROR(INDEX(Calc!N8:N23,MATCH(B21,Calc!L8:L23,0)),"")),IF(ViewMode="Individual",IF(OR(B21="",C21=""),"",C21-B21),"")) | E21: =IF(ViewMode<>"Skillsets","",IF(B21="","",Calc!T20)) | F21: =IF(ViewMode<>"Skillsets","",IF(OR(D21="",E21=""),"",E21-D21))
A22: =IF(ViewMode="Team",IF(Calc!A18="","",Calc!A18),IF(ViewMode="Skillsets",IF(Calc!S21="","",14),IF(Calc!G18="","",Calc!G18))) | B22: =IF(ViewMode="Team",IF(A22="","",IF(ISNA(Calc!B18),"",Calc!B18)),IF(ViewMode="Skillsets",IF(A22="","",Calc!S21),IF(A22="","",IF(Calc!H18="","",Calc!H18)))) | C22: =IF(ViewMode="Team",IF(OR(A22="",B22="",NOT(ISNUMBER(B22)),NOT(ISNUMBER(B21))),"",B22-B21),IF(ViewMode="Skillsets",IF(B22="","",IFERROR(INDEX(Employees!C6:C21,MATCH(B22,Employees!B6:B21,0)),"")),IF(A22="","",IF(Calc!I18="","",Calc!I18)))) | D22: =IF(ViewMode="Skillsets",IF(B22="","",IFERROR(INDEX(Calc!N8:N23,MATCH(B22,Calc!L8:L23,0)),"")),IF(ViewMode="Individual",IF(OR(B22="",C22=""),"",C22-B22),"")) | E22: =IF(ViewMode<>"Skillsets","",IF(B22="","",Calc!T21)) | F22: =IF(ViewMode<>"Skillsets","",IF(OR(D22="",E22=""),"",E22-D22))
A23: =IF(ViewMode="Team",IF(Calc!A19="","",Calc!A19),IF(ViewMode="Skillsets",IF(Calc!S22="","",15),IF(Calc!G19="","",Calc!G19))) | B23: =IF(ViewMode="Team",IF(A23="","",IF(ISNA(Calc!B19),"",Calc!B19)),IF(ViewMode="Skillsets",IF(A23="","",Calc!S22),IF(A23="","",IF(Calc!H19="","",Calc!H19)))) | C23: =IF(ViewMode="Team",IF(OR(A23="",B23="",NOT(ISNUMBER(B23)),NOT(ISNUMBER(B22))),"",B23-B22),IF(ViewMode="Skillsets",IF(B23="","",IFERROR(INDEX(Employees!C6:C21,MATCH(B23,Employees!B6:B21,0)),"")),IF(A23="","",IF(Calc!I19="","",Calc!I19)))) | D23: =IF(ViewMode="Skillsets",IF(B23="","",IFERROR(INDEX(Calc!N8:N23,MATCH(B23,Calc!L8:L23,0)),"")),IF(ViewMode="Individual",IF(OR(B23="",C23=""),"",C23-B23),"")) | E23: =IF(ViewMode<>"Skillsets","",IF(B23="","",Calc!T22)) | F23: =IF(ViewMode<>"Skillsets","",IF(OR(D23="",E23=""),"",E23-D23))
A24: =IF(ViewMode="Team",IF(Calc!A20="","",Calc!A20),IF(ViewMode="Skillsets",IF(Calc!S23="","",16),IF(Calc!G20="","",Calc!G20))) | B24: =IF(ViewMode="Team",IF(A24="","",IF(ISNA(Calc!B20),"",Calc!B20)),IF(ViewMode="Skillsets",IF(A24="","",Calc!S23),IF(A24="","",IF(Calc!H20="","",Calc!H20)))) | C24: =IF(ViewMode="Team",IF(OR(A24="",B24="",NOT(ISNUMBER(B24)),NOT(ISNUMBER(B23))),"",B24-B23),IF(ViewMode="Skillsets",IF(B24="","",IFERROR(INDEX(Employees!C6:C21,MATCH(B24,Employees!B6:B21,0)),"")),IF(A24="","",IF(Calc!I20="","",Calc!I20)))) | D24: =IF(ViewMode="Skillsets",IF(B24="","",IFERROR(INDEX(Calc!N8:N23,MATCH(B24,Calc!L8:L23,0)),"")),IF(ViewMode="Individual",IF(OR(B24="",C24=""),"",C24-B24),"")) | E24: =IF(ViewMode<>"Skillsets","",IF(B24="","",Calc!T23)) | F24: =IF(ViewMode<>"Skillsets","",IF(OR(D24="",E24=""),"",E24-D24))
A26: The all-year Ratings sheet is hidden so the tabs stay simple. To type or edit 1-5 for any year: right-click a sheet tab, choose Unhide, then Ratings.

Sheet Employees
A1: ='How to Use'!A1 | C1: How to Use | D1: Skill Matrix | E1: Dashboard | F1: Employees | G1: Skills | H1: Years | I1: Lists | J1: Settings
C2: Employees
A3: Add a person in the next yellow row: name, department (dropdown), hire date, status. Department options are Vision, Sound, Lighting, Staging (add more on Lists first). Hire date is used for since they joined on the Dashboard.
A5: Employee ID | B5: Full Name | C5: Department | D5: Hire Date | E5: Status
A6: EMP-001 | B6: Alex Rivera | C6: Vision | D6: 44632 | E6: Active
A7: EMP-002 | B7: Jordan Chen | C7: Vision | D7: 44362 | E7: Active
A8: EMP-003 | B8: Sam Patel | C8: Vision | D8: 44936 | E8: Active
A9: EMP-004 | B9: Taylor Brooks | C9: Lighting | D9: 44075 | E9: Active
A10: EMP-005 | B10: Morgan Lee | C10: Staging | D10: 45342 | E10: Active
A11: EMP-006 | B11: Casey Nguyen | C11: Sound | D11: 44869 | E11: Active
A12: EMP-007 | B12: Riley Thompson | C12: Vision | D12: 43563 | E12: Active
A13: EMP-008 | B13: Avery Kim | C13: Lighting | D13: 45522 | E13: Active
A14: EMP-009
A15: EMP-010
A16: EMP-011
A17: EMP-012
A18: EMP-013
A19: EMP-014
A20: EMP-015
A21: EMP-016

Sheet Skills
A1: ='How to Use'!A1 | C1: How to Use | D1: Skill Matrix | E1: Dashboard | F1: Employees | G1: Skills | H1: Years | I1: Lists | J1: Settings
C2: Skillsets
A3: These are the skillsets everyone is rated on, and the list Dashboard uses when you Look at Skillsets. Add a skillset in the next yellow row. Every employee gets a rating row for it, and it appears in the Dashboard Skillsets dropdown.
A5: Skill ID | B5: Skill Name | C5: Category | D5: Description
A6: SK-001 | B6: Broadcast Camera Operation | C6: Cameras | D6: Operate broadcast cameras on a live event
A7: SK-002 | B7: PTZ Cameras Operation | C7: Cameras | D7: Drive and frame PTZ cameras
A8: SK-003 | B8: Shading / CCU | C8: Cameras | D8: Match and shade cameras from a CCU / RCP
A9: SK-004 | B9: ATEM Vision Switching | C9: Switching | D9: Switch program on a Blackmagic ATEM
A10: SK-005 | B10: Barco Vision Switching | C10: Switching | D10: Operate Barco processors and LED / IMAG / program
A11: SK-006 | B11: Camera Switching | C11: Switching | D11: Cut cameras and direct the live picture
A12: SK-007 | B12: Content Operation | C12: Content | D12: Cue and play out show content, playback, and graphics
A13: SK-008 | B13: Systems Tech | C13: Systems | D13: Signal flow, routing, networking, and show systems
A14: SK-009 | B14: Technical Setup | C14: Systems | D14: Rig, patch, and line-check before doors
A15: SK-010 | B15: Live Streaming | C15: Streaming | D15: Encode, monitor, and deliver the live stream
A16: SK-011 | B16: Troubleshooting | C16: Systems | D16: Diagnose and fix vision issues during setup and show
A17: SK-012
A18: SK-013
A19: SK-014
A20: SK-015
A21: SK-016

Sheet Years
A1: ='How to Use'!A1 | C1: How to Use | D1: Skill Matrix | E1: Dashboard | F1: Employees | G1: Skills | H1: Years | I1: Lists | J1: Settings
C2: Years | F2: =IF(COUNTIF(B:B,YEAR(TODAY()))>0,"CURRENT YEAR IS READY","ADD THIS YEAR")
A3: =IF(COUNTIF($B$8:$B$23,YEAR(TODAY()))>0,"Calendar year "&YEAR(TODAY())&" is already a column. Right-click a sheet tab, Unhide, choose Ratings, and enter this year's 1-5 scores. Skill Matrix shows that year. Compare years on the Dashboard. Next years through 2034 are already waiting.","New calendar year "&YEAR(TODAY())&" is not in the list yet. Type "&YEAR(TODAY())&" in the next yellow row in the Year column, then rate people on the Skill Matrix.")
A5: To add a year beyond 2034 (or a missing historical year): type it in the next yellow row, in order, oldest to newest. A new column appears on Ratings, and the year is available on Skill Matrix and in the Dashboard From / To dropdowns. Do not use a formula for a year that already has ratings. | F5: =IF(COUNTIF($B$8:$B$23,YEAR(TODAY()))>0,"Unhide Ratings to enter "&YEAR(TODAY()),"Type "&YEAR(TODAY())&" in the yellow Year row")
A7: # | B7: Year | C7: Label | D7: Notes
A8: 1 | B8: 2023 | C8: Three years back | D8: Column already on Ratings
A9: 2 | B9: 2024 | C9: Two years back | D9: Column already on Ratings
A10: 3 | B10: 2025 | C10: Last sample year | D10: Column already on Ratings
A11: 4 | B11: 2026 | C11: Current sample year | D11: Column already on Ratings
A12: 5 | B12: 2027 | C12: Ready for ratings | D12: Column already on Ratings
A13: 6 | B13: 2028 | C13: Ready for ratings | D13: Column already on Ratings
A14: 7 | B14: 2029 | C14: Ready for ratings | D14: Column already on Ratings
A15: 8 | B15: 2030 | C15: Ready for ratings | D15: Column already on Ratings
A16: 9 | B16: 2031 | C16: Ready for ratings | D16: Column already on Ratings
A17: 10 | B17: 2032 | C17: Ready for ratings | D17: Column already on Ratings
A18: 11 | B18: 2033 | C18: Ready for ratings | D18: Column already on Ratings
A19: 12 | B19: 2034 | C19: Ready for ratings | D19: Column already on Ratings
A20: 13 | D20: Type a year here to add a column
A21: 14 | D21: Type a year here to add a column
A22: 15 | D22: Type a year here to add a column
A23: 16 | D23: Type a year here to add a column

Sheet Lists
A1: ='How to Use'!A1 | C1: How to Use | D1: Skill Matrix | E1: Dashboard | F1: Employees | G1: Skills | H1: Years | I1: Lists | J1: Settings
C2: Departments
A3: Departments: Vision, Sound, Lighting, Staging. Add another in the next yellow row, then choose it on Employees. To add a skillset, use Skills. To add a person, use Employees.
A5: Department | C5: Look at | E5: DeptFilter
A6: Vision | C6: Team | E6: (All departments)
A7: Sound | C7: Skillsets | E7: =IF(A6="","",A6)
A8: Lighting | C8: Individual | E8: =IF(A7="","",A7)
A9: Staging | E9: =IF(A8="","",A8)
E10: =IF(A9="","",A9)
E11: =IF(A10="","",A10)
E12: =IF(A11="","",A11)
E13: =IF(A12="","",A12)
E14: =IF(A13="","",A13)
E15: =IF(A14="","",A14)
E16: =IF(A15="","",A15)
E17: =IF(A16="","",A16)
E18: =IF(A17="","",A17)
E19: =IF(A18="","",A18)
E20: =IF(A19="","",A19)
E21: =IF(A20="","",A20)
E22: =IF(A21="","",A21)

Sheet Settings
A1: ='How to Use'!A1 | C1: How to Use | D1: Skill Matrix | E1: Dashboard | F1: Employees | G1: Skills | H1: Years | I1: Lists | J1: Settings
C2: Settings
A3: Target rating is the only number you usually need to change. Years are managed on the Years sheet. The all-year Ratings sheet is hidden: right-click a tab, Unhide, choose Ratings.
A5: Setting | B5: Value | C5: What it controls
A6: Target rating | B6: 3 | C6: Latest scores below this are flagged as development needs on the Dashboard.
A8: Read-only (calculated)
A9: Calendar year | B9: =YEAR(TODAY()) | C9: Today's calendar year. Used to highlight the current column and prompt for a new year.
A10: Latest year with ratings | B10: =LatestYear | C10: Most recent year that has at least one rating entered.
A11: Previous year with ratings | B11: =PreviousYear | C11: The year before that — used for last-year comparison.
A13: Rating scale (1–5)
A14: Rating | B14: Level | C14: Meaning
A15: 1 | B15: Beginner | C15: Little or no hands-on experience. Needs close guidance.
A16: 2 | B16: Basic | C16: Can complete simple tasks with help or a checklist.
A17: 3 | B17: Competent | C17: Works independently on standard tasks. Meets the target.
A18: 4 | B18: Proficient | C18: Handles complex work and can coach others.
A19: 5 | B19: Expert | C19: Go-to specialist. Sets the standard for the team.

Sheet Data
A1: Employee | B1: Department | C1: Skill | D1: Category | E1: Year | F1: Rating | G1: HireDate
A2: =IF(AND('Ratings'!A6<>"",'Ratings'!E5<>""),'Ratings'!A6,"") | B2: =IF(A2="","",'Employees'!C6) | C2: =IF(A2="","",'Ratings'!C6) | D2: =IF(A2="","",'Ratings'!D6) | E2: =IF(AND('Ratings'!A6<>"",'Ratings'!E5<>""),'Ratings'!E5,"") | F2: =IF(OR(A2="",'Ratings'!E6=""),"",'Ratings'!E6) | G2: =IF(A2="","",'Employees'!D6)
A3: =IF(AND('Ratings'!A6<>"",'Ratings'!F5<>""),'Ratings'!A6,"") | B3: =IF(A3="","",'Employees'!C6) | C3: =IF(A3="","",'Ratings'!C6) | D3: =IF(A3="","",'Ratings'!D6) | E3: =IF(AND('Ratings'!A6<>"",'Ratings'!F5<>""),'Ratings'!F5,"") | F3: =IF(OR(A3="",'Ratings'!F6=""),"",'Ratings'!F6) | G3: =IF(A3="","",'Employees'!D6)
A4: =IF(AND('Ratings'!A6<>"",'Ratings'!G5<>""),'Ratings'!A6,"") | B4: =IF(A4="","",'Employees'!C6) | C4: =IF(A4="","",'Ratings'!C6) | D4: =IF(A4="","",'Ratings'!D6) | E4: =IF(AND('Ratings'!A6<>"",'Ratings'!G5<>""),'Ratings'!G5,"") | F4: =IF(OR(A4="",'Ratings'!G6=""),"",'Ratings'!G6) | G4: =IF(A4="","",'Employees'!D6)
A5: =IF(AND('Ratings'!A6<>"",'Ratings'!H5<>""),'Ratings'!A6,"") | B5: =IF(A5="","",'Employees'!C6) | C5: =IF(A5="","",'Ratings'!C6) | D5: =IF(A5="","",'Ratings'!D6) | E5: =IF(AND('Ratings'!A6<>"",'Ratings'!H5<>""),'Ratings'!H5,"") | F5: =IF(OR(A5="",'Ratings'!H6=""),"",'Ratings'!H6) | G5: =IF(A5="","",'Employees'!D6)
A6: =IF(AND('Ratings'!A6<>"",'Ratings'!I5<>""),'Ratings'!A6,"") | B6: =IF(A6="","",'Employees'!C6) | C6: =IF(A6="","",'Ratings'!C6) | D6: =IF(A6="","",'Ratings'!D6) | E6: =IF(AND('Ratings'!A6<>"",'Ratings'!I5<>""),'Ratings'!I5,"") | F6: =IF(OR(A6="",'Ratings'!I6=""),"",'Ratings'!I6) | G6: =IF(A6="","",'Employees'!D6)
A7: =IF(AND('Ratings'!A6<>"",'Ratings'!J5<>""),'Ratings'!A6,"") | B7: =IF(A7="","",'Employees'!C6) | C7: =IF(A7="","",'Ratings'!C6) | D7: =IF(A7="","",'Ratings'!D6) | E7: =IF(AND('Ratings'!A6<>"",'Ratings'!J5<>""),'Ratings'!J5,"") | F7: =IF(OR(A7="",'Ratings'!J6=""),"",'Ratings'!J6) | G7: =IF(A7="","",'Employees'!D6)
A8: =IF(AND('Ratings'!A6<>"",'Ratings'!K5<>""),'Ratings'!A6,"") | B8: =IF(A8="","",'Employees'!C6) | C8: =IF(A8="","",'Ratings'!C6) | D8: =IF(A8="","",'Ratings'!D6) | E8: =IF(AND('Ratings'!A6<>"",'Ratings'!K5<>""),'Ratings'!K5,"") | F8: =IF(OR(A8="",'Ratings'!K6=""),"",'Ratings'!K6) | G8: =IF(A8="","",'Employees'!D6)
A9: =IF(AND('Ratings'!A6<>"",'Ratings'!L5<>""),'Ratings'!A6,"") | B9: =IF(A9="","",'Employees'!C6) | C9: =IF(A9="","",'Ratings'!C6) | D9: =IF(A9="","",'Ratings'!D6) | E9: =IF(AND('Ratings'!A6<>"",'Ratings'!L5<>""),'Ratings'!L5,"") | F9: =IF(OR(A9="",'Ratings'!L6=""),"",'Ratings'!L6) | G9: =IF(A9="","",'Employees'!D6)
A10: =IF(AND('Ratings'!A6<>"",'Ratings'!M5<>""),'Ratings'!A6,"") | B10: =IF(A10="","",'Employees'!C6) | C10: =IF(A10="","",'Ratings'!C6) | D10: =IF(A10="","",'Ratings'!D6) | E10: =IF(AND('Ratings'!A6<>"",'Ratings'!M5<>""),'Ratings'!M5,"") | F10: =IF(OR(A10="",'Ratings'!M6=""),"",'Ratings'!M6) | G10: =IF(A10="","",'Employees'!D6)
A11: =IF(AND('Ratings'!A6<>"",'Ratings'!N5<>""),'Ratings'!A6,"") | B11: =IF(A11="","",'Employees'!C6) | C11: =IF(A11="","",'Ratings'!C6) | D11: =IF(A11="","",'Ratings'!D6) | E11: =IF(AND('Ratings'!A6<>"",'Ratings'!N5<>""),'Ratings'!N5,"") | F11: =IF(OR(A11="",'Ratings'!N6=""),"",'Ratings'!N6) | G11: =IF(A11="","",'Employees'!D6)
A12: =IF(AND('Ratings'!A6<>"",'Ratings'!O5<>""),'Ratings'!A6,"") | B12: =IF(A12="","",'Employees'!C6) | C12: =IF(A12="","",'Ratings'!C6) | D12: =IF(A12="","",'Ratings'!D6) | E12: =IF(AND('Ratings'!A6<>"",'Ratings'!O5<>""),'Ratings'!O5,"") | F12: =IF(OR(A12="",'Ratings'!O6=""),"",'Ratings'!O6) | G12: =IF(A12="","",'Employees'!D6)
A13: =IF(AND('Ratings'!A6<>"",'Ratings'!P5<>""),'Ratings'!A6,"") | B13: =IF(A13="","",'Employees'!C6) | C13: =IF(A13="","",'Ratings'!C6) | D13: =IF(A13="","",'Ratings'!D6) | E13: =IF(AND('Ratings'!A6<>"",'Ratings'!P5<>""),'Ratings'!P5,"") | F13: =IF(OR(A13="",'Ratings'!P6=""),"",'Ratings'!P6) | G13: =IF(A13="","",'Employees'!D6)
A14: =IF(AND('Ratings'!A6<>"",'Ratings'!Q5<>""),'Ratings'!A6,"") | B14: =IF(A14="","",'Employees'!C6) | C14: =IF(A14="","",'Ratings'!C6) | D14: =IF(A14="","",'Ratings'!D6) | E14: =IF(AND('Ratings'!A6<>"",'Ratings'!Q5<>""),'Ratings'!Q5,"") | F14: =IF(OR(A14="",'Ratings'!Q6=""),"",'Ratings'!Q6) | G14: =IF(A14="","",'Employees'!D6)
A15: =IF(AND('Ratings'!A6<>"",'Ratings'!R5<>""),'Ratings'!A6,"") | B15: =IF(A15="","",'Employees'!C6) | C15: =IF(A15="","",'Ratings'!C6) | D15: =IF(A15="","",'Ratings'!D6) | E15: =IF(AND('Ratings'!A6<>"",'Ratings'!R5<>""),'Ratings'!R5,"") | F15: =IF(OR(A15="",'Ratings'!R6=""),"",'Ratings'!R6) | G15: =IF(A15="","",'Employees'!D6)
A16: =IF(AND('Ratings'!A6<>"",'Ratings'!S5<>""),'Ratings'!A6,"") | B16: =IF(A16="","",'Employees'!C6) | C16: =IF(A16="","",'Ratings'!C6) | D16: =IF(A16="","",'Ratings'!D6) | E16: =IF(AND('Ratings'!A6<>"",'Ratings'!S5<>""),'Ratings'!S5,"") | F16: =IF(OR(A16="",'Ratings'!S6=""),"",'Ratings'!S6) | G16: =IF(A16="","",'Employees'!D6)
A17: =IF(AND('Ratings'!A6<>"",'Ratings'!T5<>""),'Ratings'!A6,"") | B17: =IF(A17="","",'Employees'!C6) | C17: =IF(A17="","",'Ratings'!C6) | D17: =IF(A17="","",'Ratings'!D6) | E17: =IF(AND('Ratings'!A6<>"",'Ratings'!T5<>""),'Ratings'!T5,"") | F17: =IF(OR(A17="",'Ratings'!T6=""),"",'Ratings'!T6) | G17: =IF(A17="","",'Employees'!D6)
A18: =IF(AND('Ratings'!A7<>"",'Ratings'!E5<>""),'Ratings'!A7,"") | B18: =IF(A18="","",'Employees'!C6) | C18: =IF(A18="","",'Ratings'!C7) | D18: =IF(A18="","",'Ratings'!D7) | E18: =IF(AND('Ratings'!A7<>"",'Ratings'!E5<>""),'Ratings'!E5,"") | F18: =IF(OR(A18="",'Ratings'!E7=""),"",'Ratings'!E7) | G18: =IF(A18="","",'Employees'!D6)
A19: =IF(AND('Ratings'!A7<>"",'Ratings'!F5<>""),'Ratings'!A7,"") | B19: =IF(A19="","",'Employees'!C6) | C19: =IF(A19="","",'Ratings'!C7) | D19: =IF(A19="","",'Ratings'!D7) | E19: =IF(AND('Ratings'!A7<>"",'Ratings'!F5<>""),'Ratings'!F5,"") | F19: =IF(OR(A19="",'Ratings'!F7=""),"",'Ratings'!F7) | G19: =IF(A19="","",'Employees'!D6)
A20: =IF(AND('Ratings'!A7<>"",'Ratings'!G5<>""),'Ratings'!A7,"") | B20: =IF(A20="","",'Employees'!C6) | C20: =IF(A20="","",'Ratings'!C7) | D20: =IF(A20="","",'Ratings'!D7) | E20: =IF(AND('Ratings'!A7<>"",'Ratings'!G5<>""),'Ratings'!G5,"") | F20: =IF(OR(A20="",'Ratings'!G7=""),"",'Ratings'!G7) | G20: =IF(A20="","",'Employees'!D6)
A21: =IF(AND('Ratings'!A7<>"",'Ratings'!H5<>""),'Ratings'!A7,"") | B21: =IF(A21="","",'Employees'!C6) | C21: =IF(A21="","",'Ratings'!C7) | D21: =IF(A21="","",'Ratings'!D7) | E21: =IF(AND('Ratings'!A7<>"",'Ratings'!H5<>""),'Ratings'!H5,"") | F21: =IF(OR(A21="",'Ratings'!H7=""),"",'Ratings'!H7) | G21: =IF(A21="","",'Employees'!D6)
A22: =IF(AND('Ratings'!A7<>"",'Ratings'!I5<>""),'Ratings'!A7,"") | B22: =IF(A22="","",'Employees'!C6) | C22: =IF(A22="","",'Ratings'!C7) | D22: =IF(A22="","",'Ratings'!D7) | E22: =IF(AND('Ratings'!A7<>"",'Ratings'!I5<>""),'Ratings'!I5,"") | F22: =IF(OR(A22="",'Ratings'!I7=""),"",'Ratings'!I7) | G22: =IF(A22="","",'Employees'!D6)
A23: =IF(AND('Ratings'!A7<>"",'Ratings'!J5<>""),'Ratings'!A7,"") | B23: =IF(A23="","",'Employees'!C6) | C23: =IF(A23="","",'Ratings'!C7) | D23: =IF(A23="","",'Ratings'!D7) | E23: =IF(AND('Ratings'!A7<>"",'Ratings'!J5<>""),'Ratings'!J5,"") | F23: =IF(OR(A23="",'Ratings'!J7=""),"",'Ratings'!J7) | G23: =IF(A23="","",'Employees'!D6)
A24: =IF(AND('Ratings'!A7<>"",'Ratings'!K5<>""),'Ratings'!A7,"") | B24: =IF(A24="","",'Employees'!C6) | C24: =IF(A24="","",'Ratings'!C7) | D24: =IF(A24="","",'Ratings'!D7) | E24: =IF(AND('Ratings'!A7<>"",'Ratings'!K5<>""),'Ratings'!K5,"") | F24: =IF(OR(A24="",'Ratings'!K7=""),"",'Ratings'!K7) | G24: =IF(A24="","",'Employees'!D6)
A25: =IF(AND('Ratings'!A7<>"",'Ratings'!L5<>""),'Ratings'!A7,"") | B25: =IF(A25="","",'Employees'!C6) | C25: =IF(A25="","",'Ratings'!C7) | D25: =IF(A25="","",'Ratings'!D7) | E25: =IF(AND('Ratings'!A7<>"",'Ratings'!L5<>""),'Ratings'!L5,"") | F25: =IF(OR(A25="",'Ratings'!L7=""),"",'Ratings'!L7) | G25: =IF(A25="","",'Employees'!D6)
A26: =IF(AND('Ratings'!A7<>"",'Ratings'!M5<>""),'Ratings'!A7,"") | B26: =IF(A26="","",'Employees'!C6) | C26: =IF(A26="","",'Ratings'!C7) | D26: =IF(A26="","",'Ratings'!D7) | E26: =IF(AND('Ratings'!A7<>"",'Ratings'!M5<>""),'Ratings'!M5,"") | F26: =IF(OR(A26="",'Ratings'!M7=""),"",'Ratings'!M7) | G26: =IF(A26="","",'Employees'!D6)
A27: =IF(AND('Ratings'!A7<>"",'Ratings'!N5<>""),'Ratings'!A7,"") | B27: =IF(A27="","",'Employees'!C6) | C27: =IF(A27="","",'Ratings'!C7) | D27: =IF(A27="","",'Ratings'!D7) | E27: =IF(AND('Ratings'!A7<>"",'Ratings'!N5<>""),'Ratings'!N5,"") | F27: =IF(OR(A27="",'Ratings'!N7=""),"",'Ratings'!N7) | G27: =IF(A27="","",'Employees'!D6)
A28: =IF(AND('Ratings'!A7<>"",'Ratings'!O5<>""),'Ratings'!A7,"") | B28: =IF(A28="","",'Employees'!C6) | C28: =IF(A28="","",'Ratings'!C7) | D28: =IF(A28="","",'Ratings'!D7) | E28: =IF(AND('Ratings'!A7<>"",'Ratings'!O5<>""),'Ratings'!O5,"") | F28: =IF(OR(A28="",'Ratings'!O7=""),"",'Ratings'!O7) | G28: =IF(A28="","",'Employees'!D6)
A29: =IF(AND('Ratings'!A7<>"",'Ratings'!P5<>""),'Ratings'!A7,"") | B29: =IF(A29="","",'Employees'!C6) | C29: =IF(A29="","",'Ratings'!C7) | D29: =IF(A29="","",'Ratings'!D7) | E29: =IF(AND('Ratings'!A7<>"",'Ratings'!P5<>""),'Ratings'!P5,"") | F29: =IF(OR(A29="",'Ratings'!P7=""),"",'Ratings'!P7) | G29: =IF(A29="","",'Employees'!D6)
A30: =IF(AND('Ratings'!A7<>"",'Ratings'!Q5<>""),'Ratings'!A7,"") | B30: =IF(A30="","",'Employees'!C6) | C30: =IF(A30="","",'Ratings'!C7) | D30: =IF(A30="","",'Ratings'!D7) | E30: =IF(AND('Ratings'!A7<>"",'Ratings'!Q5<>""),'Ratings'!Q5,"") | F30: =IF(OR(A30="",'Ratings'!Q7=""),"",'Ratings'!Q7) | G30: =IF(A30="","",'Employees'!D6)
A31: =IF(AND('Ratings'!A7<>"",'Ratings'!R5<>""),'Ratings'!A7,"") | B31: =IF(A31="","",'Employees'!C6) | C31: =IF(A31="","",'Ratings'!C7) | D31: =IF(A31="","",'Ratings'!D7) | E31: =IF(AND('Ratings'!A7<>"",'Ratings'!R5<>""),'Ratings'!R5,"") | F31: =IF(OR(A31="",'Ratings'!R7=""),"",'Ratings'!R7) | G31: =IF(A31="","",'Employees'!D6)
A32: =IF(AND('Ratings'!A7<>"",'Ratings'!S5<>""),'Ratings'!A7,"") | B32: =IF(A32="","",'Employees'!C6) | C32: =IF(A32="","",'Ratings'!C7) | D32: =IF(A32="","",'Ratings'!D7) | E32: =IF(AND('Ratings'!A7<>"",'Ratings'!S5<>""),'Ratings'!S5,"") | F32: =IF(OR(A32="",'Ratings'!S7=""),"",'Ratings'!S7) | G32: =IF(A32="","",'Employees'!D6)
A33: =IF(AND('Ratings'!A7<>"",'Ratings'!T5<>""),'Ratings'!A7,"") | B33: =IF(A33="","",'Employees'!C6) | C33: =IF(A33="","",'Ratings'!C7) | D33: =IF(A33="","",'Ratings'!D7) | E33: =IF(AND('Ratings'!A7<>"",'Ratings'!T5<>""),'Ratings'!T5,"") | F33: =IF(OR(A33="",'Ratings'!T7=""),"",'Ratings'!T7) | G33: =IF(A33="","",'Employees'!D6)
A34: =IF(AND('Ratings'!A8<>"",'Ratings'!E5<>""),'Ratings'!A8,"") | B34: =IF(A34="","",'Employees'!C6) | C34: =IF(A34="","",'Ratings'!C8) | D34: =IF(A34="","",'Ratings'!D8) | E34: =IF(AND('Ratings'!A8<>"",'Ratings'!E5<>""),'Ratings'!E5,"") | F34: =IF(OR(A34="",'Ratings'!E8=""),"",'Ratings'!E8) | G34: =IF(A34="","",'Employees'!D6)
A35: =IF(AND('Ratings'!A8<>"",'Ratings'!F5<>""),'Ratings'!A8,"") | B35: =IF(A35="","",'Employees'!C6) | C35: =IF(A35="","",'Ratings'!C8) | D35: =IF(A35="","",'Ratings'!D8) | E35: =IF(AND('Ratings'!A8<>"",'Ratings'!F5<>""),'Ratings'!F5,"") | F35: =IF(OR(A35="",'Ratings'!F8=""),"",'Ratings'!F8) | G35: =IF(A35="","",'Employees'!D6)
A36: =IF(AND('Ratings'!A8<>"",'Ratings'!G5<>""),'Ratings'!A8,"") | B36: =IF(A36="","",'Employees'!C6) | C36: =IF(A36="","",'Ratings'!C8) | D36: =IF(A36="","",'Ratings'!D8) | E36: =IF(AND('Ratings'!A8<>"",'Ratings'!G5<>""),'Ratings'!G5,"") | F36: =IF(OR(A36="",'Ratings'!G8=""),"",'Ratings'!G8) | G36: =IF(A36="","",'Employees'!D6)
A37: =IF(AND('Ratings'!A8<>"",'Ratings'!H5<>""),'Ratings'!A8,"") | B37: =IF(A37="","",'Employees'!C6) | C37: =IF(A37="","",'Ratings'!C8) | D37: =IF(A37="","",'Ratings'!D8) | E37: =IF(AND('Ratings'!A8<>"",'Ratings'!H5<>""),'Ratings'!H5,"") | F37: =IF(OR(A37="",'Ratings'!H8=""),"",'Ratings'!H8) | G37: =IF(A37="","",'Employees'!D6)
A38: =IF(AND('Ratings'!A8<>"",'Ratings'!I5<>""),'Ratings'!A8,"") | B38: =IF(A38="","",'Employees'!C6) | C38: =IF(A38="","",'Ratings'!C8) | D38: =IF(A38="","",'Ratings'!D8) | E38: =IF(AND('Ratings'!A8<>"",'Ratings'!I5<>""),'Ratings'!I5,"") | F38: =IF(OR(A38="",'Ratings'!I8=""),"",'Ratings'!I8) | G38: =IF(A38="","",'Employees'!D6)
A39: =IF(AND('Ratings'!A8<>"",'Ratings'!J5<>""),'Ratings'!A8,"") | B39: =IF(A39="","",'Employees'!C6) | C39: =IF(A39="","",'Ratings'!C8) | D39: =IF(A39="","",'Ratings'!D8) | E39: =IF(AND('Ratings'!A8<>"",'Ratings'!J5<>""),'Ratings'!J5,"") | F39: =IF(OR(A39="",'Ratings'!J8=""),"",'Ratings'!J8) | G39: =IF(A39="","",'Employees'!D6)
A40: =IF(AND('Ratings'!A8<>"",'Ratings'!K5<>""),'Ratings'!A8,"") | B40: =IF(A40="","",'Employees'!C6) | C40: =IF(A40="","",'Ratings'!C8) | D40: =IF(A40="","",'Ratings'!D8) | E40: =IF(AND('Ratings'!A8<>"",'Ratings'!K5<>""),'Ratings'!K5,"") | F40: =IF(OR(A40="",'Ratings'!K8=""),"",'Ratings'!K8) | G40: =IF(A40="","",'Employees'!D6)
A41: =IF(AND('Ratings'!A8<>"",'Ratings'!L5<>""),'Ratings'!A8,"") | B41: =IF(A41="","",'Employees'!C6) | C41: =IF(A41="","",'Ratings'!C8) | D41: =IF(A41="","",'Ratings'!D8) | E41: =IF(AND('Ratings'!A8<>"",'Ratings'!L5<>""),'Ratings'!L5,"") | F41: =IF(OR(A41="",'Ratings'!L8=""),"",'Ratings'!L8) | G41: =IF(A41="","",'Employees'!D6)
A42: =IF(AND('Ratings'!A8<>"",'Ratings'!M5<>""),'Ratings'!A8,"") | B42: =IF(A42="","",'Employees'!C6) | C42: =IF(A42="","",'Ratings'!C8) | D42: =IF(A42="","",'Ratings'!D8) | E42: =IF(AND('Ratings'!A8<>"",'Ratings'!M5<>""),'Ratings'!M5,"") | F42: =IF(OR(A42="",'Ratings'!M8=""),"",'Ratings'!M8) | G42: =IF(A42="","",'Employees'!D6)
A43: =IF(AND('Ratings'!A8<>"",'Ratings'!N5<>""),'Ratings'!A8,"") | B43: =IF(A43="","",'Employees'!C6) | C43: =IF(A43="","",'Ratings'!C8) | D43: =IF(A43="","",'Ratings'!D8) | E43: =IF(AND('Ratings'!A8<>"",'Ratings'!N5<>""),'Ratings'!N5,"") | F43: =IF(OR(A43="",'Ratings'!N8=""),"",'Ratings'!N8) | G43: =IF(A43="","",'Employees'!D6)
A44: =IF(AND('Ratings'!A8<>"",'Ratings'!O5<>""),'Ratings'!A8,"") | B44: =IF(A44="","",'Employees'!C6) | C44: =IF(A44="","",'Ratings'!C8) | D44: =IF(A44="","",'Ratings'!D8) | E44: =IF(AND('Ratings'!A8<>"",'Ratings'!O5<>""),'Ratings'!O5,"") | F44: =IF(OR(A44="",'Ratings'!O8=""),"",'Ratings'!O8) | G44: =IF(A44="","",'Employees'!D6)
A45: =IF(AND('Ratings'!A8<>"",'Ratings'!P5<>""),'Ratings'!A8,"") | B45: =IF(A45="","",'Employees'!C6) | C45: =IF(A45="","",'Ratings'!C8) | D45: =IF(A45="","",'Ratings'!D8) | E45: =IF(AND('Ratings'!A8<>"",'Ratings'!P5<>""),'Ratings'!P5,"") | F45: =IF(OR(A45="",'Ratings'!P8=""),"",'Ratings'!P8) | G45: =IF(A45="","",'Employees'!D6)
A46: =IF(AND('Ratings'!A8<>"",'Ratings'!Q5<>""),'Ratings'!A8,"") | B46: =IF(A46="","",'Employees'!C6) | C46: =IF(A46="","",'Ratings'!C8) | D46: =IF(A46="","",'Ratings'!D8) | E46: =IF(AND('Ratings'!A8<>"",'Ratings'!Q5<>""),'Ratings'!Q5,"") | F46: =IF(OR(A46="",'Ratings'!Q8=""),"",'Ratings'!Q8) | G46: =IF(A46="","",'Employees'!D6)
A47: =IF(AND('Ratings'!A8<>"",'Ratings'!R5<>""),'Ratings'!A8,"") | B47: =IF(A47="","",'Employees'!C6) | C47: =IF(A47="","",'Ratings'!C8) | D47: =IF(A47="","",'Ratings'!D8) | E47: =IF(AND('Ratings'!A8<>"",'Ratings'!R5<>""),'Ratings'!R5,"") | F47: =IF(OR(A47="",'Ratings'!R8=""),"",'Ratings'!R8) | G47: =IF(A47="","",'Employees'!D6)
A48: =IF(AND('Ratings'!A8<>"",'Ratings'!S5<>""),'Ratings'!A8,"") | B48: =IF(A48="","",'Employees'!C6) | C48: =IF(A48="","",'Ratings'!C8) | D48: =IF(A48="","",'Ratings'!D8) | E48: =IF(AND('Ratings'!A8<>"",'Ratings'!S5<>""),'Ratings'!S5,"") | F48: =IF(OR(A48="",'Ratings'!S8=""),"",'Ratings'!S8) | G48: =IF(A48="","",'Employees'!D6)
A49: =IF(AND('Ratings'!A8<>"",'Ratings'!T5<>""),'Ratings'!A8,"") | B49: =IF(A49="","",'Employees'!C6) | C49: =IF(A49="","",'Ratings'!C8) | D49: =IF(A49="","",'Ratings'!D8) | E49: =IF(AND('Ratings'!A8<>"",'Ratings'!T5<>""),'Ratings'!T5,"") | F49: =IF(OR(A49="",'Ratings'!T8=""),"",'Ratings'!T8) | G49: =IF(A49="","",'Employees'!D6)
A50: =IF(AND('Ratings'!A9<>"",'Ratings'!E5<>""),'Ratings'!A9,"") | B50: =IF(A50="","",'Employees'!C6) | C50: =IF(A50="","",'Ratings'!C9) | D50: =IF(A50="","",'Ratings'!D9) | E50: =IF(AND('Ratings'!A9<>"",'Ratings'!E5<>""),'Ratings'!E5,"") | F50: =IF(OR(A50="",'Ratings'!E9=""),"",'Ratings'!E9) | G50: =IF(A50="","",'Employees'!D6)
A51: =IF(AND('Ratings'!A9<>"",'Ratings'!F5<>""),'Ratings'!A9,"") | B51: =IF(A51="","",'Employees'!C6) | C51: =IF(A51="","",'Ratings'!C9) | D51: =IF(A51="","",'Ratings'!D9) | E51: =IF(AND('Ratings'!A9<>"",'Ratings'!F5<>""),'Ratings'!F5,"") | F51: =IF(OR(A51="",'Ratings'!F9=""),"",'Ratings'!F9) | G51: =IF(A51="","",'Employees'!D6)
A52: =IF(AND('Ratings'!A9<>"",'Ratings'!G5<>""),'Ratings'!A9,"") | B52: =IF(A52="","",'Employees'!C6) | C52: =IF(A52="","",'Ratings'!C9) | D52: =IF(A52="","",'Ratings'!D9) | E52: =IF(AND('Ratings'!A9<>"",'Ratings'!G5<>""),'Ratings'!G5,"") | F52: =IF(OR(A52="",'Ratings'!G9=""),"",'Ratings'!G9) | G52: =IF(A52="","",'Employees'!D6)
A53: =IF(AND('Ratings'!A9<>"",'Ratings'!H5<>""),'Ratings'!A9,"") | B53: =IF(A53="","",'Employees'!C6) | C53: =IF(A53="","",'Ratings'!C9) | D53: =IF(A53="","",'Ratings'!D9) | E53: =IF(AND('Ratings'!A9<>"",'Ratings'!H5<>""),'Ratings'!H5,"") | F53: =IF(OR(A53="",'Ratings'!H9=""),"",'Ratings'!H9) | G53: =IF(A53="","",'Employees'!D6)
A54: =IF(AND('Ratings'!A9<>"",'Ratings'!I5<>""),'Ratings'!A9,"") | B54: =IF(A54="","",'Employees'!C6) | C54: =IF(A54="","",'Ratings'!C9) | D54: =IF(A54="","",'Ratings'!D9) | E54: =IF(AND('Ratings'!A9<>"",'Ratings'!I5<>""),'Ratings'!I5,"") | F54: =IF(OR(A54="",'Ratings'!I9=""),"",'Ratings'!I9) | G54: =IF(A54="","",'Employees'!D6)
A55: =IF(AND('Ratings'!A9<>"",'Ratings'!J5<>""),'Ratings'!A9,"") | B55: =IF(A55="","",'Employees'!C6) | C55: =IF(A55="","",'Ratings'!C9) | D55: =IF(A55="","",'Ratings'!D9) | E55: =IF(AND('Ratings'!A9<>"",'Ratings'!J5<>""),'Ratings'!J5,"") | F55: =IF(OR(A55="",'Ratings'!J9=""),"",'Ratings'!J9) | G55: =IF(A55="","",'Employees'!D6)
A56: =IF(AND('Ratings'!A9<>"",'Ratings'!K5<>""),'Ratings'!A9,"") | B56: =IF(A56="","",'Employees'!C6) | C56: =IF(A56="","",'Ratings'!C9) | D56: =IF(A56="","",'Ratings'!D9) | E56: =IF(AND('Ratings'!A9<>"",'Ratings'!K5<>""),'Ratings'!K5,"") | F56: =IF(OR(A56="",'Ratings'!K9=""),"",'Ratings'!K9) | G56: =IF(A56="","",'Employees'!D6)
A57: =IF(AND('Ratings'!A9<>"",'Ratings'!L5<>""),'Ratings'!A9,"") | B57: =IF(A57="","",'Employees'!C6) | C57: =IF(A57="","",'Ratings'!C9) | D57: =IF(A57="","",'Ratings'!D9) | E57: =IF(AND('Ratings'!A9<>"",'Ratings'!L5<>""),'Ratings'!L5,"") | F57: =IF(OR(A57="",'Ratings'!L9=""),"",'Ratings'!L9) | G57: =IF(A57="","",'Employees'!D6)
A58: =IF(AND('Ratings'!A9<>"",'Ratings'!M5<>""),'Ratings'!A9,"") | B58: =IF(A58="","",'Employees'!C6) | C58: =IF(A58="","",'Ratings'!C9) | D58: =IF(A58="","",'Ratings'!D9) | E58: =IF(AND('Ratings'!A9<>"",'Ratings'!M5<>""),'Ratings'!M5,"") | F58: =IF(OR(A58="",'Ratings'!M9=""),"",'Ratings'!M9) | G58: =IF(A58="","",'Employees'!D6)
A59: =IF(AND('Ratings'!A9<>"",'Ratings'!N5<>""),'Ratings'!A9,"") | B59: =IF(A59="","",'Employees'!C6) | C59: =IF(A59="","",'Ratings'!C9) | D59: =IF(A59="","",'Ratings'!D9) | E59: =IF(AND('Ratings'!A9<>"",'Ratings'!N5<>""),'Ratings'!N5,"") | F59: =IF(OR(A59="",'Ratings'!N9=""),"",'Ratings'!N9) | G59: =IF(A59="","",'Employees'!D6)
A60: =IF(AND('Ratings'!A9<>"",'Ratings'!O5<>""),'Ratings'!A9,"") | B60: =IF(A60="","",'Employees'!C6) | C60: =IF(A60="","",'Ratings'!C9) | D60: =IF(A60="","",'Ratings'!D9) | E60: =IF(AND('Ratings'!A9<>"",'Ratings'!O5<>""),'Ratings'!O5,"") | F60: =IF(OR(A60="",'Ratings'!O9=""),"",'Ratings'!O9) | G60: =IF(A60="","",'Employees'!D6)
A61: =IF(AND('Ratings'!A9<>"",'Ratings'!P5<>""),'Ratings'!A9,"") | B61: =IF(A61="","",'Employees'!C6) | C61: =IF(A61="","",'Ratings'!C9) | D61: =IF(A61="","",'Ratings'!D9) | E61: =IF(AND('Ratings'!A9<>"",'Ratings'!P5<>""),'Ratings'!P5,"") | F61: =IF(OR(A61="",'Ratings'!P9=""),"",'Ratings'!P9) | G61: =IF(A61="","",'Employees'!D6)
A62: =IF(AND('Ratings'!A9<>"",'Ratings'!Q5<>""),'Ratings'!A9,"") | B62: =IF(A62="","",'Employees'!C6) | C62: =IF(A62="","",'Ratings'!C9) | D62: =IF(A62="","",'Ratings'!D9) | E62: =IF(AND('Ratings'!A9<>"",'Ratings'!Q5<>""),'Ratings'!Q5,"") | F62: =IF(OR(A62="",'Ratings'!Q9=""),"",'Ratings'!Q9) | G62: =IF(A62="","",'Employees'!D6)
A63: =IF(AND('Ratings'!A9<>"",'Ratings'!R5<>""),'Ratings'!A9,"") | B63: =IF(A63="","",'Employees'!C6) | C63: =IF(A63="","",'Ratings'!C9) | D63: =IF(A63="","",'Ratings'!D9) | E63: =IF(AND('Ratings'!A9<>"",'Ratings'!R5<>""),'Ratings'!R5,"") | F63: =IF(OR(A63="",'Ratings'!R9=""),"",'Ratings'!R9) | G63: =IF(A63="","",'Employees'!D6)
A64: =IF(AND('Ratings'!A9<>"",'Ratings'!S5<>""),'Ratings'!A9,"") | B64: =IF(A64="","",'Employees'!C6) | C64: =IF(A64="","",'Ratings'!C9) | D64: =IF(A64="","",'Ratings'!D9) | E64: =IF(AND('Ratings'!A9<>"",'Ratings'!S5<>""),'Ratings'!S5,"") | F64: =IF(OR(A64="",'Ratings'!S9=""),"",'Ratings'!S9) | G64: =IF(A64="","",'Employees'!D6)
A65: =IF(AND('Ratings'!A9<>"",'Ratings'!T5<>""),'Ratings'!A9,"") | B65: =IF(A65="","",'Employees'!C6) | C65: =IF(A65="","",'Ratings'!C9) | D65: =IF(A65="","",'Ratings'!D9) | E65: =IF(AND('Ratings'!A9<>"",'Ratings'!T5<>""),'Ratings'!T5,"") | F65: =IF(OR(A65="",'Ratings'!T9=""),"",'Ratings'!T9) | G65: =IF(A65="","",'Employees'!D6)
A66: =IF(AND('Ratings'!A10<>"",'Ratings'!E5<>""),'Ratings'!A10,"") | B66: =IF(A66="","",'Employees'!C6) | C66: =IF(A66="","",'Ratings'!C10) | D66: =IF(A66="","",'Ratings'!D10) | E66: =IF(AND('Ratings'!A10<>"",'Ratings'!E5<>""),'Ratings'!E5,"") | F66: =IF(OR(A66="",'Ratings'!E10=""),"",'Ratings'!E10) | G66: =IF(A66="","",'Employees'!D6)
A67: =IF(AND('Ratings'!A10<>"",'Ratings'!F5<>""),'Ratings'!A10,"") | B67: =IF(A67="","",'Employees'!C6) | C67: =IF(A67="","",'Ratings'!C10) | D67: =IF(A67="","",'Ratings'!D10) | E67: =IF(AND('Ratings'!A10<>"",'Ratings'!F5<>""),'Ratings'!F5,"") | F67: =IF(OR(A67="",'Ratings'!F10=""),"",'Ratings'!F10) | G67: =IF(A67="","",'Employees'!D6)
A68: =IF(AND('Ratings'!A10<>"",'Ratings'!G5<>""),'Ratings'!A10,"") | B68: =IF(A68="","",'Employees'!C6) | C68: =IF(A68="","",'Ratings'!C10) | D68: =IF(A68="","",'Ratings'!D10) | E68: =IF(AND('Ratings'!A10<>"",'Ratings'!G5<>""),'Ratings'!G5,"") | F68: =IF(OR(A68="",'Ratings'!G10=""),"",'Ratings'!G10) | G68: =IF(A68="","",'Employees'!D6)
A69: =IF(AND('Ratings'!A10<>"",'Ratings'!H5<>""),'Ratings'!A10,"") | B69: =IF(A69="","",'Employees'!C6) | C69: =IF(A69="","",'Ratings'!C10) | D69: =IF(A69="","",'Ratings'!D10) | E69: =IF(AND('Ratings'!A10<>"",'Ratings'!H5<>""),'Ratings'!H5,"") | F69: =IF(OR(A69="",'Ratings'!H10=""),"",'Ratings'!H10) | G69: =IF(A69="","",'Employees'!D6)
A70: =IF(AND('Ratings'!A10<>"",'Ratings'!I5<>""),'Ratings'!A10,"") | B70: =IF(A70="","",'Employees'!C6) | C70: =IF(A70="","",'Ratings'!C10) | D70: =IF(A70="","",'Ratings'!D10) | E70: =IF(AND('Ratings'!A10<>"",'Ratings'!I5<>""),'Ratings'!I5,"") | F70: =IF(OR(A70="",'Ratings'!I10=""),"",'Ratings'!I10) | G70: =IF(A70="","",'Employees'!D6)
A71: =IF(AND('Ratings'!A10<>"",'Ratings'!J5<>""),'Ratings'!A10,"") | B71: =IF(A71="","",'Employees'!C6) | C71: =IF(A71="","",'Ratings'!C10) | D71: =IF(A71="","",'Ratings'!D10) | E71: =IF(AND('Ratings'!A10<>"",'Ratings'!J5<>""),'Ratings'!J5,"") | F71: =IF(OR(A71="",'Ratings'!J10=""),"",'Ratings'!J10) | G71: =IF(A71="","",'Employees'!D6)
A72: =IF(AND('Ratings'!A10<>"",'Ratings'!K5<>""),'Ratings'!A10,"") | B72: =IF(A72="","",'Employees'!C6) | C72: =IF(A72="","",'Ratings'!C10) | D72: =IF(A72="","",'Ratings'!D10) | E72: =IF(AND('Ratings'!A10<>"",'Ratings'!K5<>""),'Ratings'!K5,"") | F72: =IF(OR(A72="",'Ratings'!K10=""),"",'Ratings'!K10) | G72: =IF(A72="","",'Employees'!D6)
A73: =IF(AND('Ratings'!A10<>"",'Ratings'!L5<>""),'Ratings'!A10,"") | B73: =IF(A73="","",'Employees'!C6) | C73: =IF(A73="","",'Ratings'!C10) | D73: =IF(A73="","",'Ratings'!D10) | E73: =IF(AND('Ratings'!A10<>"",'Ratings'!L5<>""),'Ratings'!L5,"") | F73: =IF(OR(A73="",'Ratings'!L10=""),"",'Ratings'!L10) | G73: =IF(A73="","",'Employees'!D6)
A74: =IF(AND('Ratings'!A10<>"",'Ratings'!M5<>""),'Ratings'!A10,"") | B74: =IF(A74="","",'Employees'!C6) | C74: =IF(A74="","",'Ratings'!C10) | D74: =IF(A74="","",'Ratings'!D10) | E74: =IF(AND('Ratings'!A10<>"",'Ratings'!M5<>""),'Ratings'!M5,"") | F74: =IF(OR(A74="",'Ratings'!M10=""),"",'Ratings'!M10) | G74: =IF(A74="","",'Employees'!D6)
A75: =IF(AND('Ratings'!A10<>"",'Ratings'!N5<>""),'Ratings'!A10,"") | B75: =IF(A75="","",'Employees'!C6) | C75: =IF(A75="","",'Ratings'!C10) | D75: =IF(A75="","",'Ratings'!D10) | E75: =IF(AND('Ratings'!A10<>"",'Ratings'!N5<>""),'Ratings'!N5,"") | F75: =IF(OR(A75="",'Ratings'!N10=""),"",'Ratings'!N10) | G75: =IF(A75="","",'Employees'!D6)
A76: =IF(AND('Ratings'!A10<>"",'Ratings'!O5<>""),'Ratings'!A10,"") | B76: =IF(A76="","",'Employees'!C6) | C76: =IF(A76="","",'Ratings'!C10) | D76: =IF(A76="","",'Ratings'!D10) | E76: =IF(AND('Ratings'!A10<>"",'Ratings'!O5<>""),'Ratings'!O5,"") | F76: =IF(OR(A76="",'Ratings'!O10=""),"",'Ratings'!O10) | G76: =IF(A76="","",'Employees'!D6)
A77: =IF(AND('Ratings'!A10<>"",'Ratings'!P5<>""),'Ratings'!A10,"") | B77: =IF(A77="","",'Employees'!C6) | C77: =IF(A77="","",'Ratings'!C10) | D77: =IF(A77="","",'Ratings'!D10) | E77: =IF(AND('Ratings'!A10<>"",'Ratings'!P5<>""),'Ratings'!P5,"") | F77: =IF(OR(A77="",'Ratings'!P10=""),"",'Ratings'!P10) | G77: =IF(A77="","",'Employees'!D6)
A78: =IF(AND('Ratings'!A10<>"",'Ratings'!Q5<>""),'Ratings'!A10,"") | B78: =IF(A78="","",'Employees'!C6) | C78: =IF(A78="","",'Ratings'!C10) | D78: =IF(A78="","",'Ratings'!D10) | E78: =IF(AND('Ratings'!A10<>"",'Ratings'!Q5<>""),'Ratings'!Q5,"") | F78: =IF(OR(A78="",'Ratings'!Q10=""),"",'Ratings'!Q10) | G78: =IF(A78="","",'Employees'!D6)
A79: =IF(AND('Ratings'!A10<>"",'Ratings'!R5<>""),'Ratings'!A10,"") | B79: =IF(A79="","",'Employees'!C6) | C79: =IF(A79="","",'Ratings'!C10) | D79: =IF(A79="","",'Ratings'!D10) | E79: =IF(AND('Ratings'!A10<>"",'Ratings'!R5<>""),'Ratings'!R5,"") | F79: =IF(OR(A79="",'Ratings'!R10=""),"",'Ratings'!R10) | G79: =IF(A79="","",'Employees'!D6)
A80: =IF(AND('Ratings'!A10<>"",'Ratings'!S5<>""),'Ratings'!A10,"") | B80: =IF(A80="","",'Employees'!C6) | C80: =IF(A80="","",'Ratings'!C10) | D80: =IF(A80="","",'Ratings'!D10) | E80: =IF(AND('Ratings'!A10<>"",'Ratings'!S5<>""),'Ratings'!S5,"") | F80: =IF(OR(A80="",'Ratings'!S10=""),"",'Ratings'!S10) | G80: =IF(A80="","",'Employees'!D6)
A81: =IF(AND('Ratings'!A10<>"",'Ratings'!T5<>""),'Ratings'!A10,"") | B81: =IF(A81="","",'Employees'!C6) | C81: =IF(A81="","",'Ratings'!C10) | D81: =IF(A81="","",'Ratings'!D10) | E81: =IF(AND('Ratings'!A10<>"",'Ratings'!T5<>""),'Ratings'!T5,"") | F81: =IF(OR(A81="",'Ratings'!T10=""),"",'Ratings'!T10) | G81: =IF(A81="","",'Employees'!D6)
A82: =IF(AND('Ratings'!A11<>"",'Ratings'!E5<>""),'Ratings'!A11,"") | B82: =IF(A82="","",'Employees'!C6) | C82: =IF(A82="","",'Ratings'!C11) | D82: =IF(A82="","",'Ratings'!D11) | E82: =IF(AND('Ratings'!A11<>"",'Ratings'!E5<>""),'Ratings'!E5,"") | F82: =IF(OR(A82="",'Ratings'!E11=""),"",'Ratings'!E11) | G82: =IF(A82="","",'Employees'!D6)
A83: =IF(AND('Ratings'!A11<>"",'Ratings'!F5<>""),'Ratings'!A11,"") | B83: =IF(A83="","",'Employees'!C6) | C83: =IF(A83="","",'Ratings'!C11) | D83: =IF(A83="","",'Ratings'!D11) | E83: =IF(AND('Ratings'!A11<>"",'Ratings'!F5<>""),'Ratings'!F5,"") | F83: =IF(OR(A83="",'Ratings'!F11=""),"",'Ratings'!F11) | G83: =IF(A83="","",'Employees'!D6)
A84: =IF(AND('Ratings'!A11<>"",'Ratings'!G5<>""),'Ratings'!A11,"") | B84: =IF(A84="","",'Employees'!C6) | C84: =IF(A84="","",'Ratings'!C11) | D84: =IF(A84="","",'Ratings'!D11) | E84: =IF(AND('Ratings'!A11<>"",'Ratings'!G5<>""),'Ratings'!G5,"") | F84: =IF(OR(A84="",'Ratings'!G11=""),"",'Ratings'!G11) | G84: =IF(A84="","",'Employees'!D6)
A85: =IF(AND('Ratings'!A11<>"",'Ratings'!H5<>""),'Ratings'!A11,"") | B85: =IF(A85="","",'Employees'!C6) | C85: =IF(A85="","",'Ratings'!C11) | D85: =IF(A85="","",'Ratings'!D11) | E85: =IF(AND('Ratings'!A11<>"",'Ratings'!H5<>""),'Ratings'!H5,"") | F85: =IF(OR(A85="",'Ratings'!H11=""),"",'Ratings'!H11) | G85: =IF(A85="","",'Employees'!D6)
A86: =IF(AND('Ratings'!A11<>"",'Ratings'!I5<>""),'Ratings'!A11,"") | B86: =IF(A86="","",'Employees'!C6) | C86: =IF(A86="","",'Ratings'!C11) | D86: =IF(A86="","",'Ratings'!D11) | E86: =IF(AND('Ratings'!A11<>"",'Ratings'!I5<>""),'Ratings'!I5,"") | F86: =IF(OR(A86="",'Ratings'!I11=""),"",'Ratings'!I11) | G86: =IF(A86="","",'Employees'!D6)
A87: =IF(AND('Ratings'!A11<>"",'Ratings'!J5<>""),'Ratings'!A11,"") | B87: =IF(A87="","",'Employees'!C6) | C87: =IF(A87="","",'Ratings'!C11) | D87: =IF(A87="","",'Ratings'!D11) | E87: =IF(AND('Ratings'!A11<>"",'Ratings'!J5<>""),'Ratings'!J5,"") | F87: =IF(OR(A87="",'Ratings'!J11=""),"",'Ratings'!J11) | G87: =IF(A87="","",'Employees'!D6)
A88: =IF(AND('Ratings'!A11<>"",'Ratings'!K5<>""),'Ratings'!A11,"") | B88: =IF(A88="","",'Employees'!C6) | C88: =IF(A88="","",'Ratings'!C11) | D88: =IF(A88="","",'Ratings'!D11) | E88: =IF(AND('Ratings'!A11<>"",'Ratings'!K5<>""),'Ratings'!K5,"") | F88: =IF(OR(A88="",'Ratings'!K11=""),"",'Ratings'!K11) | G88: =IF(A88="","",'Employees'!D6)
A89: =IF(AND('Ratings'!A11<>"",'Ratings'!L5<>""),'Ratings'!A11,"") | B89: =IF(A89="","",'Employees'!C6) | C89: =IF(A89="","",'Ratings'!C11) | D89: =IF(A89="","",'Ratings'!D11) | E89: =IF(AND('Ratings'!A11<>"",'Ratings'!L5<>""),'Ratings'!L5,"") | F89: =IF(OR(A89="",'Ratings'!L11=""),"",'Ratings'!L11) | G89: =IF(A89="","",'Employees'!D6)
A90: =IF(AND('Ratings'!A11<>"",'Ratings'!M5<>""),'Ratings'!A11,"") | B90: =IF(A90="","",'Employees'!C6) | C90: =IF(A90="","",'Ratings'!C11) | D90: =IF(A90="","",'Ratings'!D11) | E90: =IF(AND('Ratings'!A11<>"",'Ratings'!M5<>""),'Ratings'!M5,"") | F90: =IF(OR(A90="",'Ratings'!M11=""),"",'Ratings'!M11) | G90: =IF(A90="","",'Employees'!D6)
A91: =IF(AND('Ratings'!A11<>"",'Ratings'!N5<>""),'Ratings'!A11,"") | B91: =IF(A91="","",'Employees'!C6) | C91: =IF(A91="","",'Ratings'!C11) | D91: =IF(A91="","",'Ratings'!D11) | E91: =IF(AND('Ratings'!A11<>"",'Ratings'!N5<>""),'Ratings'!N5,"") | F91: =IF(OR(A91="",'Ratings'!N11=""),"",'Ratings'!N11) | G91: =IF(A91="","",'Employees'!D6)
A92: =IF(AND('Ratings'!A11<>"",'Ratings'!O5<>""),'Ratings'!A11,"") | B92: =IF(A92="","",'Employees'!C6) | C92: =IF(A92="","",'Ratings'!C11) | D92: =IF(A92="","",'Ratings'!D11) | E92: =IF(AND('Ratings'!A11<>"",'Ratings'!O5<>""),'Ratings'!O5,"") | F92: =IF(OR(A92="",'Ratings'!O11=""),"",'Ratings'!O11) | G92: =IF(A92="","",'Employees'!D6)
A93: =IF(AND('Ratings'!A11<>"",'Ratings'!P5<>""),'Ratings'!A11,"") | B93: =IF(A93="","",'Employees'!C6) | C93: =IF(A93="","",'Ratings'!C11) | D93: =IF(A93="","",'Ratings'!D11) | E93: =IF(AND('Ratings'!A11<>"",'Ratings'!P5<>""),'Ratings'!P5,"") | F93: =IF(OR(A93="",'Ratings'!P11=""),"",'Ratings'!P11) | G93: =IF(A93="","",'Employees'!D6)
A94: =IF(AND('Ratings'!A11<>"",'Ratings'!Q5<>""),'Ratings'!A11,"") | B94: =IF(A94="","",'Employees'!C6) | C94: =IF(A94="","",'Ratings'!C11) | D94: =IF(A94="","",'Ratings'!D11) | E94: =IF(AND('Ratings'!A11<>"",'Ratings'!Q5<>""),'Ratings'!Q5,"") | F94: =IF(OR(A94="",'Ratings'!Q11=""),"",'Ratings'!Q11) | G94: =IF(A94="","",'Employees'!D6)
A95: =IF(AND('Ratings'!A11<>"",'Ratings'!R5<>""),'Ratings'!A11,"") | B95: =IF(A95="","",'Employees'!C6) | C95: =IF(A95="","",'Ratings'!C11) | D95: =IF(A95="","",'Ratings'!D11) | E95: =IF(AND('Ratings'!A11<>"",'Ratings'!R5<>""),'Ratings'!R5,"") | F95: =IF(OR(A95="",'Ratings'!R11=""),"",'Ratings'!R11) | G95: =IF(A95="","",'Employees'!D6)
A96: =IF(AND('Ratings'!A11<>"",'Ratings'!S5<>""),'Ratings'!A11,"") | B96: =IF(A96="","",'Employees'!C6) | C96: =IF(A96="","",'Ratings'!C11) | D96: =IF(A96="","",'Ratings'!D11) | E96: =IF(AND('Ratings'!A11<>"",'Ratings'!S5<>""),'Ratings'!S5,"") | F96: =IF(OR(A96="",'Ratings'!S11=""),"",'Ratings'!S11) | G96: =IF(A96="","",'Employees'!D6)
A97: =IF(AND('Ratings'!A11<>"",'Ratings'!T5<>""),'Ratings'!A11,"") | B97: =IF(A97="","",'Employees'!C6) | C97: =IF(A97="","",'Ratings'!C11) | D97: =IF(A97="","",'Ratings'!D11) | E97: =IF(AND('Ratings'!A11<>"",'Ratings'!T5<>""),'Ratings'!T5,"") | F97: =IF(OR(A97="",'Ratings'!T11=""),"",'Ratings'!T11) | G97: =IF(A97="","",'Employees'!D6)
A98: =IF(AND('Ratings'!A12<>"",'Ratings'!E5<>""),'Ratings'!A12,"") | B98: =IF(A98="","",'Employees'!C6) | C98: =IF(A98="","",'Ratings'!C12) | D98: =IF(A98="","",'Ratings'!D12) | E98: =IF(AND('Ratings'!A12<>"",'Ratings'!E5<>""),'Ratings'!E5,"") | F98: =IF(OR(A98="",'Ratings'!E12=""),"",'Ratings'!E12) | G98: =IF(A98="","",'Employees'!D6)
A99: =IF(AND('Ratings'!A12<>"",'Ratings'!F5<>""),'Ratings'!A12,"") | B99: =IF(A99="","",'Employees'!C6) | C99: =IF(A99="","",'Ratings'!C12) | D99: =IF(A99="","",'Ratings'!D12) | E99: =IF(AND('Ratings'!A12<>"",'Ratings'!F5<>""),'Ratings'!F5,"") | F99: =IF(OR(A99="",'Ratings'!F12=""),"",'Ratings'!F12) | G99: =IF(A99="","",'Employees'!D6)
A100: =IF(AND('Ratings'!A12<>"",'Ratings'!G5<>""),'Ratings'!A12,"") | B100: =IF(A100="","",'Employees'!C6) | C100: =IF(A100="","",'Ratings'!C12) | D100: =IF(A100="","",'Ratings'!D12) | E100: =IF(AND('Ratings'!A12<>"",'Ratings'!G5<>""),'Ratings'!G5,"") | F100: =IF(OR(A100="",'Ratings'!G12=""),"",'Ratings'!G12) | G100: =IF(A100="","",'Employees'!D6)
...

Sheet Calc
A1: LatestYear | B1: =IFERROR(MAXIFS(DataYear,DataRating,">=1"),YEAR(TODAY()))
A2: PreviousYear | B2: =IFERROR(MAXIFS(DataYear,DataRating,">=1",DataYear,"<"&B1),"")
A4: Year | B4: TeamAvg | D4: Year | E4: EmpAvg | G4: Skill | H4: From | I4: To | AH4: ChartCat | AI4: ChartVal
A5: =IF('Years'!B8="","",'Years'!B8) | B5: =IF(A5="","",IFERROR(IF(DeptFilter="(All departments)",AVERAGEIFS(DataRating,DataYear,A5),AVERAGEIFS(DataRating,DataYear,A5,DataDept,DeptFilter)),NA())) | D5: =A5 | E5: =IF(OR(D5="",EmpFilter=""),"",IFERROR(AVERAGEIFS(DataRating,DataYear,D5,DataEmployee,EmpFilter),NA())) | G5: =IF('Skills'!B6="","",'Skills'!B6) | H5: =IF(OR(G5="",EmpFilter="",DashFromYear=""),"",IF(COUNTIFS(DataEmployee,EmpFilter,DataSkill,G5,DataYear,DashFromYear,DataRating,">=1")=0,"",IFERROR(SUMIFS(DataRating,DataEmployee,EmpFilter,DataSkill,G5,DataYear,DashFromYear),""))) | I5: =IF(OR(G5="",EmpFilter="",DashToYear=""),"",IF(COUNTIFS(DataEmployee,EmpFilter,DataSkill,G5,DataYear,DashToYear,DataRating,">=1")=0,"",IFERROR(SUMIFS(DataRating,DataEmployee,EmpFilter,DataSkill,G5,DataYear,DashToYear),""))) | AH5: =IF(OR(ViewMode="Skillsets",A5=""),NA(),A5) | AI5: =IF(ViewMode="Team",IF(OR(B5="",ISNA(B5)),NA(),B5),IF(ViewMode="Individual",IF(OR(E5="",ISNA(E5)),NA(),E5),NA()))
A6: =IF('Years'!B9="","",'Years'!B9) | B6: =IF(A6="","",IFERROR(IF(DeptFilter="(All departments)",AVERAGEIFS(DataRating,DataYear,A6),AVERAGEIFS(DataRating,DataYear,A6,DataDept,DeptFilter)),NA())) | D6: =A6 | E6: =IF(OR(D6="",EmpFilter=""),"",IFERROR(AVERAGEIFS(DataRating,DataYear,D6,DataEmployee,EmpFilter),NA())) | G6: =IF('Skills'!B7="","",'Skills'!B7) | H6: =IF(OR(G6="",EmpFilter="",DashFromYear=""),"",IF(COUNTIFS(DataEmployee,EmpFilter,DataSkill,G6,DataYear,DashFromYear,DataRating,">=1")=0,"",IFERROR(SUMIFS(DataRating,DataEmployee,EmpFilter,DataSkill,G6,DataYear,DashFromYear),""))) | I6: =IF(OR(G6="",EmpFilter="",DashToYear=""),"",IF(COUNTIFS(DataEmployee,EmpFilter,DataSkill,G6,DataYear,DashToYear,DataRating,">=1")=0,"",IFERROR(SUMIFS(DataRating,DataEmployee,EmpFilter,DataSkill,G6,DataYear,DashToYear),""))) | AH6: =IF(OR(ViewMode="Skillsets",A6=""),NA(),A6) | AI6: =IF(ViewMode="Team",IF(OR(B6="",ISNA(B6)),NA(),B6),IF(ViewMode="Individual",IF(OR(E6="",ISNA(E6)),NA(),E6),NA()))
A7: =IF('Years'!B10="","",'Years'!B10) | B7: =IF(A7="","",IFERROR(IF(DeptFilter="(All departments)",AVERAGEIFS(DataRating,DataYear,A7),AVERAGEIFS(DataRating,DataYear,A7,DataDept,DeptFilter)),NA())) | D7: =A7 | E7: =IF(OR(D7="",EmpFilter=""),"",IFERROR(AVERAGEIFS(DataRating,DataYear,D7,DataEmployee,EmpFilter),NA())) | G7: =IF('Skills'!B8="","",'Skills'!B8) | H7: =IF(OR(G7="",EmpFilter="",DashFromYear=""),"",IF(COUNTIFS(DataEmployee,EmpFilter,DataSkill,G7,DataYear,DashFromYear,DataRating,">=1")=0,"",IFERROR(SUMIFS(DataRating,DataEmployee,EmpFilter,DataSkill,G7,DataYear,DashFromYear),""))) | I7: =IF(OR(G7="",EmpFilter="",DashToYear=""),"",IF(COUNTIFS(DataEmployee,EmpFilter,DataSkill,G7,DataYear,DashToYear,DataRating,">=1")=0,"",IFERROR(SUMIFS(DataRating,DataEmployee,EmpFilter,DataSkill,G7,DataYear,DashToYear),""))) | L7: Employee | M7: ToYear | N7: FromYear | Q7: Rank | S7: RankedEmployee | T7: RankedScore | AH7: =IF(OR(ViewMode="Skillsets",A7=""),NA(),A7) | AI7: =IF(ViewMode="Team",IF(OR(B7="",ISNA(B7)),NA(),B7),IF(ViewMode="Individual",IF(OR(E7="",ISNA(E7)),NA(),E7),NA()))
A8: =IF('Years'!B11="","",'Years'!B11) | B8: =IF(A8="","",IFERROR(IF(DeptFilter="(All departments)",AVERAGEIFS(DataRating,DataYear,A8),AVERAGEIFS(DataRating,DataYear,A8,DataDept,DeptFilter)),NA())) | D8: =A8 | E8: =IF(OR(D8="",EmpFilter=""),"",IFERROR(AVERAGEIFS(DataRating,DataYear,D8,DataEmployee,EmpFilter),NA())) | G8: =IF('Skills'!B9="","",'Skills'!B9) | H8: =IF(OR(G8="",EmpFilter="",DashFromYear=""),"",IF(COUNTIFS(DataEmployee,EmpFilter,DataSkill,G8,DataYear,DashFromYear,DataRating,">=1")=0,"",IFERROR(SUMIFS(DataRating,DataEmployee,EmpFilter,DataSkill,G8,DataYear,DashFromYear),""))) | I8: =IF(OR(G8="",EmpFilter="",DashToYear=""),"",IF(COUNTIFS(DataEmployee,EmpFilter,DataSkill,G8,DataYear,DashToYear,DataRating,">=1")=0,"",IFERROR(SUMIFS(DataRating,DataEmployee,EmpFilter,DataSkill,G8,DataYear,DashToYear),""))) | L8: =IF('Employees'!B6="","",'Employees'!B6) | M8: =IF(OR(L8="",SkillSetFilter="",DashToYear=""),"",IF(COUNTIFS(DataEmployee,L8,DataSkill,SkillSetFilter,DataYear,DashToYear,DataRating,">=1")=0,"",SUMIFS(DataRating,DataEmployee,L8,DataSkill,SkillSetFilter,DataYear,DashToYear))) | N8: =IF(OR(L8="",SkillSetFilter="",DashFromYear=""),"",IF(COUNTIFS(DataEmployee,L8,DataSkill,SkillSetFilter,DataYear,DashFromYear,DataRating,">=1")=0,"",SUMIFS(DataRating,DataEmployee,L8,DataSkill,SkillSetFilter,DataYear,DashFromYear))) | Q8: =IF(OR(L8="",M8=""),"",RANK(M8,$M$8:$M$23,0)+COUNTIF($M$8:M8,M8)-1) | S8: =IFERROR(INDEX($L$8:$L$23,MATCH(1,$Q$8:$Q$23,0)),"") | T8: =IFERROR(INDEX($M$8:$M$23,MATCH(1,$Q$8:$Q$23,0)),"") | AH8: =IF(OR(ViewMode="Skillsets",A8=""),NA(),A8) | AI8: =IF(ViewMode="Team",IF(OR(B8="",ISNA(B8)),NA(),B8),IF(ViewMode="Individual",IF(OR(E8="",ISNA(E8)),NA(),E8),NA()))
A9: =IF('Years'!B12="","",'Years'!B12) | B9: =IF(A9="","",IFERROR(IF(DeptFilter="(All departments)",AVERAGEIFS(DataRating,DataYear,A9),AVERAGEIFS(DataRating,DataYear,A9,DataDept,DeptFilter)),NA())) | D9: =A9 | E9: =IF(OR(D9="",EmpFilter=""),"",IFERROR(AVERAGEIFS(DataRating,DataYear,D9,DataEmployee,EmpFilter),NA())) | G9: =IF('Skills'!B10="","",'Skills'!B10) | H9: =IF(OR(G9="",EmpFilter="",DashFromYear=""),"",IF(COUNTIFS(DataEmployee,EmpFilter,DataSkill,G9,DataYear,DashFromYear,DataRating,">=1")=0,"",IFERROR(SUMIFS(DataRating,DataEmployee,EmpFilter,DataSkill,G9,DataYear,DashFromYear),""))) | I9: =IF(OR(G9="",EmpFilter="",DashToYear=""),"",IF(COUNTIFS(DataEmployee,EmpFilter,DataSkill,G9,DataYear,DashToYear,DataRating,">=1")=0,"",IFERROR(SUMIFS(DataRating,DataEmployee,EmpFilter,DataSkill,G9,DataYear,DashToYear),""))) | L9: =IF('Employees'!B7="","",'Employees'!B7) | M9: =IF(OR(L9="",SkillSetFilter="",DashToYear=""),"",IF(COUNTIFS(DataEmployee,L9,DataSkill,SkillSetFilter,DataYear,DashToYear,DataRating,">=1")=0,"",SUMIFS(DataRating,DataEmployee,L9,DataSkill,SkillSetFilter,DataYear,DashToYear))) | N9: =IF(OR(L9="",SkillSetFilter="",DashFromYear=""),"",IF(COUNTIFS(DataEmployee,L9,DataSkill,SkillSetFilter,DataYear,DashFromYear,DataRating,">=1")=0,"",SUMIFS(DataRating,DataEmployee,L9,DataSkill,SkillSetFilter,DataYear,DashFromYear))) | Q9: =IF(OR(L9="",M9=""),"",RANK(M9,$M$8:$M$23,0)+COUNTIF($M$8:M9,M9)-1) | S9: =IFERROR(INDEX($L$8:$L$23,MATCH(2,$Q$8:$Q$23,0)),"") | T9: =IFERROR(INDEX($M$8:$M$23,MATCH(2,$Q$8:$Q$23,0)),"") | AH9: =IF(OR(ViewMode="Skillsets",A9=""),NA(),A9) | AI9: =IF(ViewMode="Team",IF(OR(B9="",ISNA(B9)),NA(),B9),IF(ViewMode="Individual",IF(OR(E9="",ISNA(E9)),NA(),E9),NA()))
A10: =IF('Years'!B13="","",'Years'!B13) | B10: =IF(A10="","",IFERROR(IF(DeptFilter="(All departments)",AVERAGEIFS(DataRating,DataYear,A10),AVERAGEIFS(DataRating,DataYear,A10,DataDept,DeptFilter)),NA())) | D10: =A10 | E10: =IF(OR(D10="",EmpFilter=""),"",IFERROR(AVERAGEIFS(DataRating,DataYear,D10,DataEmployee,EmpFilter),NA())) | G10: =IF('Skills'!B11="","",'Skills'!B11) | H10: =IF(OR(G10="",EmpFilter="",DashFromYear=""),"",IF(COUNTIFS(DataEmployee,EmpFilter,DataSkill,G10,DataYear,DashFromYear,DataRating,">=1")=0,"",IFERROR(SUMIFS(DataRating,DataEmployee,EmpFilter,DataSkill,G10,DataYear,DashFromYear),""))) | I10: =IF(OR(G10="",EmpFilter="",DashToYear=""),"",IF(COUNTIFS(DataEmployee,EmpFilter,DataSkill,G10,DataYear,DashToYear,DataRating,">=1")=0,"",IFERROR(SUMIFS(DataRating,DataEmployee,EmpFilter,DataSkill,G10,DataYear,DashToYear),""))) | L10: =IF('Employees'!B8="","",'Employees'!B8) | M10: =IF(OR(L10="",SkillSetFilter="",DashToYear=""),"",IF(COUNTIFS(DataEmployee,L10,DataSkill,SkillSetFilter,DataYear,DashToYear,DataRating,">=1")=0,"",SUMIFS(DataRating,DataEmployee,L10,DataSkill,SkillSetFilter,DataYear,DashToYear))) | N10: =IF(OR(L10="",SkillSetFilter="",DashFromYear=""),"",IF(COUNTIFS(DataEmployee,L10,DataSkill,SkillSetFilter,DataYear,DashFromYear,DataRating,">=1")=0,"",SUMIFS(DataRating,DataEmployee,L10,DataSkill,SkillSetFilter,DataYear,DashFromYear))) | Q10: =IF(OR(L10="",M10=""),"",RANK(M10,$M$8:$M$23,0)+COUNTIF($M$8:M10,M10)-1) | S10: =IFERROR(INDEX($L$8:$L$23,MATCH(3,$Q$8:$Q$23,0)),"") | T10: =IFERROR(INDEX($M$8:$M$23,MATCH(3,$Q$8:$Q$23,0)),"") | AH10: =IF(OR(ViewMode="Skillsets",A10=""),NA(),A10) | AI10: =IF(ViewMode="Team",IF(OR(B10="",ISNA(B10)),NA(),B10),IF(ViewMode="Individual",IF(OR(E10="",ISNA(E10)),NA(),E10),NA()))
A11: =IF('Years'!B14="","",'Years'!B14) | B11: =IF(A11="","",IFERROR(IF(DeptFilter="(All departments)",AVERAGEIFS(DataRating,DataYear,A11),AVERAGEIFS(DataRating,DataYear,A11,DataDept,DeptFilter)),NA())) | D11: =A11 | E11: =IF(OR(D11="",EmpFilter=""),"",IFERROR(AVERAGEIFS(DataRating,DataYear,D11,DataEmployee,EmpFilter),NA())) | G11: =IF('Skills'!B12="","",'Skills'!B12) | H11: =IF(OR(G11="",EmpFilter="",DashFromYear=""),"",IF(COUNTIFS(DataEmployee,EmpFilter,DataSkill,G11,DataYear,DashFromYear,DataRating,">=1")=0,"",IFERROR(SUMIFS(DataRating,DataEmployee,EmpFilter,DataSkill,G11,DataYear,DashFromYear),""))) | I11: =IF(OR(G11="",EmpFilter="",DashToYear=""),"",IF(COUNTIFS(DataEmployee,EmpFilter,DataSkill,G11,DataYear,DashToYear,DataRating,">=1")=0,"",IFERROR(SUMIFS(DataRating,DataEmployee,EmpFilter,DataSkill,G11,DataYear,DashToYear),""))) | L11: =IF('Employees'!B9="","",'Employees'!B9) | M11: =IF(OR(L11="",SkillSetFilter="",DashToYear=""),"",IF(COUNTIFS(DataEmployee,L11,DataSkill,SkillSetFilter,DataYear,DashToYear,DataRating,">=1")=0,"",SUMIFS(DataRating,DataEmployee,L11,DataSkill,SkillSetFilter,DataYear,DashToYear))) | N11: =IF(OR(L11="",SkillSetFilter="",DashFromYear=""),"",IF(COUNTIFS(DataEmployee,L11,DataSkill,SkillSetFilter,DataYear,DashFromYear,DataRating,">=1")=0,"",SUMIFS(DataRating,DataEmployee,L11,DataSkill,SkillSetFilter,DataYear,DashFromYear))) | Q11: =IF(OR(L11="",M11=""),"",RANK(M11,$M$8:$M$23,0)+COUNTIF($M$8:M11,M11)-1) | S11: =IFERROR(INDEX($L$8:$L$23,MATCH(4,$Q$8:$Q$23,0)),"") | T11: =IFERROR(INDEX($M$8:$M$23,MATCH(4,$Q$8:$Q$23,0)),"") | AH11: =IF(OR(ViewMode="Skillsets",A11=""),NA(),A11) | AI11: =IF(ViewMode="Team",IF(OR(B11="",ISNA(B11)),NA(),B11),IF(ViewMode="Individual",IF(OR(E11="",ISNA(E11)),NA(),E11),NA()))
A12: =IF('Years'!B15="","",'Years'!B15) | B12: =IF(A12="","",IFERROR(IF(DeptFilter="(All departments)",AVERAGEIFS(DataRating,DataYear,A12),AVERAGEIFS(DataRating,DataYear,A12,DataDept,DeptFilter)),NA())) | D12: =A12 | E12: =IF(OR(D12="",EmpFilter=""),"",IFERROR(AVERAGEIFS(DataRating,DataYear,D12,DataEmployee,EmpFilter),NA())) | G12: =IF('Skills'!B13="","",'Skills'!B13) | H12: =IF(OR(G12="",EmpFilter="",DashFromYear=""),"",IF(COUNTIFS(DataEmployee,EmpFilter,DataSkill,G12,DataYear,DashFromYear,DataRating,">=1")=0,"",IFERROR(SUMIFS(DataRating,DataEmployee,EmpFilter,DataSkill,G12,DataYear,DashFromYear),""))) | I12: =IF(OR(G12="",EmpFilter="",DashToYear=""),"",IF(COUNTIFS(DataEmployee,EmpFilter,DataSkill,G12,DataYear,DashToYear,DataRating,">=1")=0,"",IFERROR(SUMIFS(DataRating,DataEmployee,EmpFilter,DataSkill,G12,DataYear,DashToYear),""))) | L12: =IF('Employees'!B10="","",'Employees'!B10) | M12: =IF(OR(L12="",SkillSetFilter="",DashToYear=""),"",IF(COUNTIFS(DataEmployee,L12,DataSkill,SkillSetFilter,DataYear,DashToYear,DataRating,">=1")=0,"",SUMIFS(DataRating,DataEmployee,L12,DataSkill,SkillSetFilter,DataYear,DashToYear))) | N12: =IF(OR(L12="",SkillSetFilter="",DashFromYear=""),"",IF(COUNTIFS(DataEmployee,L12,DataSkill,SkillSetFilter,DataYear,DashFromYear,DataRating,">=1")=0,"",SUMIFS(DataRating,DataEmployee,L12,DataSkill,SkillSetFilter,DataYear,DashFromYear))) | Q12: =IF(OR(L12="",M12=""),"",RANK(M12,$M$8:$M$23,0)+COUNTIF($M$8:M12,M12)-1) | S12: =IFERROR(INDEX($L$8:$L$23,MATCH(5,$Q$8:$Q$23,0)),"") | T12: =IFERROR(INDEX($M$8:$M$23,MATCH(5,$Q$8:$Q$23,0)),"") | AH12: =IF(OR(ViewMode="Skillsets",A12=""),NA(),A12) | AI12: =IF(ViewMode="Team",IF(OR(B12="",ISNA(B12)),NA(),B12),IF(ViewMode="Individual",IF(OR(E12="",ISNA(E12)),NA(),E12),NA()))
A13: =IF('Years'!B16="","",'Years'!B16) | B13: =IF(A13="","",IFERROR(IF(DeptFilter="(All departments)",AVERAGEIFS(DataRating,DataYear,A13),AVERAGEIFS(DataRating,DataYear,A13,DataDept,DeptFilter)),NA())) | D13: =A13 | E13: =IF(OR(D13="",EmpFilter=""),"",IFERROR(AVERAGEIFS(DataRating,DataYear,D13,DataEmployee,EmpFilter),NA())) | G13: =IF('Skills'!B14="","",'Skills'!B14) | H13: =IF(OR(G13="",EmpFilter="",DashFromYear=""),"",IF(COUNTIFS(DataEmployee,EmpFilter,DataSkill,G13,DataYear,DashFromYear,DataRating,">=1")=0,"",IFERROR(SUMIFS(DataRating,DataEmployee,EmpFilter,DataSkill,G13,DataYear,DashFromYear),""))) | I13: =IF(OR(G13="",EmpFilter="",DashToYear=""),"",IF(COUNTIFS(DataEmployee,EmpFilter,DataSkill,G13,DataYear,DashToYear,DataRating,">=1")=0,"",IFERROR(SUMIFS(DataRating,DataEmployee,EmpFilter,DataSkill,G13,DataYear,DashToYear),""))) | L13: =IF('Employees'!B11="","",'Employees'!B11) | M13: =IF(OR(L13="",SkillSetFilter="",DashToYear=""),"",IF(COUNTIFS(DataEmployee,L13,DataSkill,SkillSetFilter,DataYear,DashToYear,DataRating,">=1")=0,"",SUMIFS(DataRating,DataEmployee,L13,DataSkill,SkillSetFilter,DataYear,DashToYear))) | N13: =IF(OR(L13="",SkillSetFilter="",DashFromYear=""),"",IF(COUNTIFS(DataEmployee,L13,DataSkill,SkillSetFilter,DataYear,DashFromYear,DataRating,">=1")=0,"",SUMIFS(DataRating,DataEmployee,L13,DataSkill,SkillSetFilter,DataYear,DashFromYear))) | Q13: =IF(OR(L13="",M13=""),"",RANK(M13,$M$8:$M$23,0)+COUNTIF($M$8:M13,M13)-1) | S13: =IFERROR(INDEX($L$8:$L$23,MATCH(6,$Q$8:$Q$23,0)),"") | T13: =IFERROR(INDEX($M$8:$M$23,MATCH(6,$Q$8:$Q$23,0)),"") | AH13: =IF(OR(ViewMode="Skillsets",A13=""),NA(),A13) | AI13: =IF(ViewMode="Team",IF(OR(B13="",ISNA(B13)),NA(),B13),IF(ViewMode="Individual",IF(OR(E13="",ISNA(E13)),NA(),E13),NA()))
A14: =IF('Years'!B17="","",'Years'!B17) | B14: =IF(A14="","",IFERROR(IF(DeptFilter="(All departments)",AVERAGEIFS(DataRating,DataYear,A14),AVERAGEIFS(DataRating,DataYear,A14,DataDept,DeptFilter)),NA())) | D14: =A14 | E14: =IF(OR(D14="",EmpFilter=""),"",IFERROR(AVERAGEIFS(DataRating,DataYear,D14,DataEmployee,EmpFilter),NA())) | G14: =IF('Skills'!B15="","",'Skills'!B15) | H14: =IF(OR(G14="",EmpFilter="",DashFromYear=""),"",IF(COUNTIFS(DataEmployee,EmpFilter,DataSkill,G14,DataYear,DashFromYear,DataRating,">=1")=0,"",IFERROR(SUMIFS(DataRating,DataEmployee,EmpFilter,DataSkill,G14,DataYear,DashFromYear),""))) | I14: =IF(OR(G14="",EmpFilter="",DashToYear=""),"",IF(COUNTIFS(DataEmployee,EmpFilter,DataSkill,G14,DataYear,DashToYear,DataRating,">=1")=0,"",IFERROR(SUMIFS(DataRating,DataEmployee,EmpFilter,DataSkill,G14,DataYear,DashToYear),""))) | L14: =IF('Employees'!B12="","",'Employees'!B12) | M14: =IF(OR(L14="",SkillSetFilter="",DashToYear=""),"",IF(COUNTIFS(DataEmployee,L14,DataSkill,SkillSetFilter,DataYear,DashToYear,DataRating,">=1")=0,"",SUMIFS(DataRating,DataEmployee,L14,DataSkill,SkillSetFilter,DataYear,DashToYear))) | N14: =IF(OR(L14="",SkillSetFilter="",DashFromYear=""),"",IF(COUNTIFS(DataEmployee,L14,DataSkill,SkillSetFilter,DataYear,DashFromYear,DataRating,">=1")=0,"",SUMIFS(DataRating,DataEmployee,L14,DataSkill,SkillSetFilter,DataYear,DashFromYear))) | Q14: =IF(OR(L14="",M14=""),"",RANK(M14,$M$8:$M$23,0)+COUNTIF($M$8:M14,M14)-1) | S14: =IFERROR(INDEX($L$8:$L$23,MATCH(7,$Q$8:$Q$23,0)),"") | T14: =IFERROR(INDEX($M$8:$M$23,MATCH(7,$Q$8:$Q$23,0)),"") | AH14: =IF(OR(ViewMode="Skillsets",A14=""),NA(),A14) | AI14: =IF(ViewMode="Team",IF(OR(B14="",ISNA(B14)),NA(),B14),IF(ViewMode="Individual",IF(OR(E14="",ISNA(E14)),NA(),E14),NA()))
A15: =IF('Years'!B18="","",'Years'!B18) | B15: =IF(A15="","",IFERROR(IF(DeptFilter="(All departments)",AVERAGEIFS(DataRating,DataYear,A15),AVERAGEIFS(DataRating,DataYear,A15,DataDept,DeptFilter)),NA())) | D15: =A15 | E15: =IF(OR(D15="",EmpFilter=""),"",IFERROR(AVERAGEIFS(DataRating,DataYear,D15,DataEmployee,EmpFilter),NA())) | G15: =IF('Skills'!B16="","",'Skills'!B16) | H15: =IF(OR(G15="",EmpFilter="",DashFromYear=""),"",IF(COUNTIFS(DataEmployee,EmpFilter,DataSkill,G15,DataYear,DashFromYear,DataRating,">=1")=0,"",IFERROR(SUMIFS(DataRating,DataEmployee,EmpFilter,DataSkill,G15,DataYear,DashFromYear),""))) | I15: =IF(OR(G15="",EmpFilter="",DashToYear=""),"",IF(COUNTIFS(DataEmployee,EmpFilter,DataSkill,G15,DataYear,DashToYear,DataRating,">=1")=0,"",IFERROR(SUMIFS(DataRating,DataEmployee,EmpFilter,DataSkill,G15,DataYear,DashToYear),""))) | L15: =IF('Employees'!B13="","",'Employees'!B13) | M15: =IF(OR(L15="",SkillSetFilter="",DashToYear=""),"",IF(COUNTIFS(DataEmployee,L15,DataSkill,SkillSetFilter,DataYear,DashToYear,DataRating,">=1")=0,"",SUMIFS(DataRating,DataEmployee,L15,DataSkill,SkillSetFilter,DataYear,DashToYear))) | N15: =IF(OR(L15="",SkillSetFilter="",DashFromYear=""),"",IF(COUNTIFS(DataEmployee,L15,DataSkill,SkillSetFilter,DataYear,DashFromYear,DataRating,">=1")=0,"",SUMIFS(DataRating,DataEmployee,L15,DataSkill,SkillSetFilter,DataYear,DashFromYear))) | Q15: =IF(OR(L15="",M15=""),"",RANK(M15,$M$8:$M$23,0)+COUNTIF($M$8:M15,M15)-1) | S15: =IFERROR(INDEX($L$8:$L$23,MATCH(8,$Q$8:$Q$23,0)),"") | T15: =IFERROR(INDEX($M$8:$M$23,MATCH(8,$Q$8:$Q$23,0)),"") | AH15: =IF(OR(ViewMode="Skillsets",A15=""),NA(),A15) | AI15: =IF(ViewMode="Team",IF(OR(B15="",ISNA(B15)),NA(),B15),IF(ViewMode="Individual",IF(OR(E15="",ISNA(E15)),NA(),E15),NA()))
A16: =IF('Years'!B19="","",'Years'!B19) | B16: =IF(A16="","",IFERROR(IF(DeptFilter="(All departments)",AVERAGEIFS(DataRating,DataYear,A16),AVERAGEIFS(DataRating,DataYear,A16,DataDept,DeptFilter)),NA())) | D16: =A16 | E16: =IF(OR(D16="",EmpFilter=""),"",IFERROR(AVERAGEIFS(DataRating,DataYear,D16,DataEmployee,EmpFilter),NA())) | G16: =IF('Skills'!B17="","",'Skills'!B17) | H16: =IF(OR(G16="",EmpFilter="",DashFromYear=""),"",IF(COUNTIFS(DataEmployee,EmpFilter,DataSkill,G16,DataYear,DashFromYear,DataRating,">=1")=0,"",IFERROR(SUMIFS(DataRating,DataEmployee,EmpFilter,DataSkill,G16,DataYear,DashFromYear),""))) | I16: =IF(OR(G16="",EmpFilter="",DashToYear=""),"",IF(COUNTIFS(DataEmployee,EmpFilter,DataSkill,G16,DataYear,DashToYear,DataRating,">=1")=0,"",IFERROR(SUMIFS(DataRating,DataEmployee,EmpFilter,DataSkill,G16,DataYear,DashToYear),""))) | L16: =IF('Employees'!B14="","",'Employees'!B14) | M16: =IF(OR(L16="",SkillSetFilter="",DashToYear=""),"",IF(COUNTIFS(DataEmployee,L16,DataSkill,SkillSetFilter,DataYear,DashToYear,DataRating,">=1")=0,"",SUMIFS(DataRating,DataEmployee,L16,DataSkill,SkillSetFilter,DataYear,DashToYear))) | N16: =IF(OR(L16="",SkillSetFilter="",DashFromYear=""),"",IF(COUNTIFS(DataEmployee,L16,DataSkill,SkillSetFilter,DataYear,DashFromYear,DataRating,">=1")=0,"",SUMIFS(DataRating,DataEmployee,L16,DataSkill,SkillSetFilter,DataYear,DashFromYear))) | Q16: =IF(OR(L16="",M16=""),"",RANK(M16,$M$8:$M$23,0)+COUNTIF($M$8:M16,M16)-1) | S16: =IFERROR(INDEX($L$8:$L$23,MATCH(9,$Q$8:$Q$23,0)),"") | T16: =IFERROR(INDEX($M$8:$M$23,MATCH(9,$Q$8:$Q$23,0)),"") | AH16: =IF(OR(ViewMode="Skillsets",A16=""),NA(),A16) | AI16: =IF(ViewMode="Team",IF(OR(B16="",ISNA(B16)),NA(),B16),IF(ViewMode="Individual",IF(OR(E16="",ISNA(E16)),NA(),E16),NA()))
A17: =IF('Years'!B20="","",'Years'!B20) | B17: =IF(A17="","",IFERROR(IF(DeptFilter="(All departments)",AVERAGEIFS(DataRating,DataYear,A17),AVERAGEIFS(DataRating,DataYear,A17,DataDept,DeptFilter)),NA())) | D17: =A17 | E17: =IF(OR(D17="",EmpFilter=""),"",IFERROR(AVERAGEIFS(DataRating,DataYear,D17,DataEmployee,EmpFilter),NA())) | G17: =IF('Skills'!B18="","",'Skills'!B18) | H17: =IF(OR(G17="",EmpFilter="",DashFromYear=""),"",IF(COUNTIFS(DataEmployee,EmpFilter,DataSkill,G17,DataYear,DashFromYear,DataRating,">=1")=0,"",IFERROR(SUMIFS(DataRating,DataEmployee,EmpFilter,DataSkill,G17,DataYear,DashFromYear),""))) | I17: =IF(OR(G17="",EmpFilter="",DashToYear=""),"",IF(COUNTIFS(DataEmployee,EmpFilter,DataSkill,G17,DataYear,DashToYear,DataRating,">=1")=0,"",IFERROR(SUMIFS(DataRating,DataEmployee,EmpFilter,DataSkill,G17,DataYear,DashToYear),""))) | L17: =IF('Employees'!B15="","",'Employees'!B15) | M17: =IF(OR(L17="",SkillSetFilter="",DashToYear=""),"",IF(COUNTIFS(DataEmployee,L17,DataSkill,SkillSetFilter,DataYear,DashToYear,DataRating,">=1")=0,"",SUMIFS(DataRating,DataEmployee,L17,DataSkill,SkillSetFilter,DataYear,DashToYear))) | N17: =IF(OR(L17="",SkillSetFilter="",DashFromYear=""),"",IF(COUNTIFS(DataEmployee,L17,DataSkill,SkillSetFilter,DataYear,DashFromYear,DataRating,">=1")=0,"",SUMIFS(DataRating,DataEmployee,L17,DataSkill,SkillSetFilter,DataYear,DashFromYear))) | Q17: =IF(OR(L17="",M17=""),"",RANK(M17,$M$8:$M$23,0)+COUNTIF($M$8:M17,M17)-1) | S17: =IFERROR(INDEX($L$8:$L$23,MATCH(10,$Q$8:$Q$23,0)),"") | T17: =IFERROR(INDEX($M$8:$M$23,MATCH(10,$Q$8:$Q$23,0)),"") | AH17: =IF(OR(ViewMode="Skillsets",A17=""),NA(),A17) | AI17: =IF(ViewMode="Team",IF(OR(B17="",ISNA(B17)),NA(),B17),IF(ViewMode="Individual",IF(OR(E17="",ISNA(E17)),NA(),E17),NA()))
A18: =IF('Years'!B21="","",'Years'!B21) | B18: =IF(A18="","",IFERROR(IF(DeptFilter="(All departments)",AVERAGEIFS(DataRating,DataYear,A18),AVERAGEIFS(DataRating,DataYear,A18,DataDept,DeptFilter)),NA())) | D18: =A18 | E18: =IF(OR(D18="",EmpFilter=""),"",IFERROR(AVERAGEIFS(DataRating,DataYear,D18,DataEmployee,EmpFilter),NA())) | G18: =IF('Skills'!B19="","",'Skills'!B19) | H18: =IF(OR(G18="",EmpFilter="",DashFromYear=""),"",IF(COUNTIFS(DataEmployee,EmpFilter,DataSkill,G18,DataYear,DashFromYear,DataRating,">=1")=0,"",IFERROR(SUMIFS(DataRating,DataEmployee,EmpFilter,DataSkill,G18,DataYear,DashFromYear),""))) | I18: =IF(OR(G18="",EmpFilter="",DashToYear=""),"",IF(COUNTIFS(DataEmployee,EmpFilter,DataSkill,G18,DataYear,DashToYear,DataRating,">=1")=0,"",IFERROR(SUMIFS(DataRating,DataEmployee,EmpFilter,DataSkill,G18,DataYear,DashToYear),""))) | L18: =IF('Employees'!B16="","",'Employees'!B16) | M18: =IF(OR(L18="",SkillSetFilter="",DashToYear=""),"",IF(COUNTIFS(DataEmployee,L18,DataSkill,SkillSetFilter,DataYear,DashToYear,DataRating,">=1")=0,"",SUMIFS(DataRating,DataEmployee,L18,DataSkill,SkillSetFilter,DataYear,DashToYear))) | N18: =IF(OR(L18="",SkillSetFilter="",DashFromYear=""),"",IF(COUNTIFS(DataEmployee,L18,DataSkill,SkillSetFilter,DataYear,DashFromYear,DataRating,">=1")=0,"",SUMIFS(DataRating,DataEmployee,L18,DataSkill,SkillSetFilter,DataYear,DashFromYear))) | Q18: =IF(OR(L18="",M18=""),"",RANK(M18,$M$8:$M$23,0)+COUNTIF($M$8:M18,M18)-1) | S18: =IFERROR(INDEX($L$8:$L$23,MATCH(11,$Q$8:$Q$23,0)),"") | T18: =IFERROR(INDEX($M$8:$M$23,MATCH(11,$Q$8:$Q$23,0)),"") | AH18: =IF(OR(ViewMode="Skillsets",A18=""),NA(),A18) | AI18: =IF(ViewMode="Team",IF(OR(B18="",ISNA(B18)),NA(),B18),IF(ViewMode="Individual",IF(OR(E18="",ISNA(E18)),NA(),E18),NA()))
A19: =IF('Years'!B22="","",'Years'!B22) | B19: =IF(A19="","",IFERROR(IF(DeptFilter="(All departments)",AVERAGEIFS(DataRating,DataYear,A19),AVERAGEIFS(DataRating,DataYear,A19,DataDept,DeptFilter)),NA())) | D19: =A19 | E19: =IF(OR(D19="",EmpFilter=""),"",IFERROR(AVERAGEIFS(DataRating,DataYear,D19,DataEmployee,EmpFilter),NA())) | G19: =IF('Skills'!B20="","",'Skills'!B20) | H19: =IF(OR(G19="",EmpFilter="",DashFromYear=""),"",IF(COUNTIFS(DataEmployee,EmpFilter,DataSkill,G19,DataYear,DashFromYear,DataRating,">=1")=0,"",IFERROR(SUMIFS(DataRating,DataEmployee,EmpFilter,DataSkill,G19,DataYear,DashFromYear),""))) | I19: =IF(OR(G19="",EmpFilter="",DashToYear=""),"",IF(COUNTIFS(DataEmployee,EmpFilter,DataSkill,G19,DataYear,DashToYear,DataRating,">=1")=0,"",IFERROR(SUMIFS(DataRating,DataEmployee,EmpFilter,DataSkill,G19,DataYear,DashToYear),""))) | L19: =IF('Employees'!B17="","",'Employees'!B17) | M19: =IF(OR(L19="",SkillSetFilter="",DashToYear=""),"",IF(COUNTIFS(DataEmployee,L19,DataSkill,SkillSetFilter,DataYear,DashToYear,DataRating,">=1")=0,"",SUMIFS(DataRating,DataEmployee,L19,DataSkill,SkillSetFilter,DataYear,DashToYear))) | N19: =IF(OR(L19="",SkillSetFilter="",DashFromYear=""),"",IF(COUNTIFS(DataEmployee,L19,DataSkill,SkillSetFilter,DataYear,DashFromYear,DataRating,">=1")=0,"",SUMIFS(DataRating,DataEmployee,L19,DataSkill,SkillSetFilter,DataYear,DashFromYear))) | Q19: =IF(OR(L19="",M19=""),"",RANK(M19,$M$8:$M$23,0)+COUNTIF($M$8:M19,M19)-1) | S19: =IFERROR(INDEX($L$8:$L$23,MATCH(12,$Q$8:$Q$23,0)),"") | T19: =IFERROR(INDEX($M$8:$M$23,MATCH(12,$Q$8:$Q$23,0)),"") | AH19: =IF(OR(ViewMode="Skillsets",A19=""),NA(),A19) | AI19: =IF(ViewMode="Team",IF(OR(B19="",ISNA(B19)),NA(),B19),IF(ViewMode="Individual",IF(OR(E19="",ISNA(E19)),NA(),E19),NA()))
A20: =IF('Years'!B23="","",'Years'!B23) | B20: =IF(A20="","",IFERROR(IF(DeptFilter="(All departments)",AVERAGEIFS(DataRating,DataYear,A20),AVERAGEIFS(DataRating,DataYear,A20,DataDept,DeptFilter)),NA())) | D20: =A20 | E20: =IF(OR(D20="",EmpFilter=""),"",IFERROR(AVERAGEIFS(DataRating,DataYear,D20,DataEmployee,EmpFilter),NA())) | G20: =IF('Skills'!B21="","",'Skills'!B21) | H20: =IF(OR(G20="",EmpFilter="",DashFromYear=""),"",IF(COUNTIFS(DataEmployee,EmpFilter,DataSkill,G20,DataYear,DashFromYear,DataRating,">=1")=0,"",IFERROR(SUMIFS(DataRating,DataEmployee,EmpFilter,DataSkill,G20,DataYear,DashFromYear),""))) | I20: =IF(OR(G20="",EmpFilter="",DashToYear=""),"",IF(COUNTIFS(DataEmployee,EmpFilter,DataSkill,G20,DataYear,DashToYear,DataRating,">=1")=0,"",IFERROR(SUMIFS(DataRating,DataEmployee,EmpFilter,DataSkill,G20,DataYear,DashToYear),""))) | L20: =IF('Employees'!B18="","",'Employees'!B18) | M20: =IF(OR(L20="",SkillSetFilter="",DashToYear=""),"",IF(COUNTIFS(DataEmployee,L20,DataSkill,SkillSetFilter,DataYear,DashToYear,DataRating,">=1")=0,"",SUMIFS(DataRating,DataEmployee,L20,DataSkill,SkillSetFilter,DataYear,DashToYear))) | N20: =IF(OR(L20="",SkillSetFilter="",DashFromYear=""),"",IF(COUNTIFS(DataEmployee,L20,DataSkill,SkillSetFilter,DataYear,DashFromYear,DataRating,">=1")=0,"",SUMIFS(DataRating,DataEmployee,L20,DataSkill,SkillSetFilter,DataYear,DashFromYear))) | Q20: =IF(OR(L20="",M20=""),"",RANK(M20,$M$8:$M$23,0)+COUNTIF($M$8:M20,M20)-1) | S20: =IFERROR(INDEX($L$8:$L$23,MATCH(13,$Q$8:$Q$23,0)),"") | T20: =IFERROR(INDEX($M$8:$M$23,MATCH(13,$Q$8:$Q$23,0)),"") | AH20: =IF(OR(ViewMode="Skillsets",A20=""),NA(),A20) | AI20: =IF(ViewMode="Team",IF(OR(B20="",ISNA(B20)),NA(),B20),IF(ViewMode="Individual",IF(OR(E20="",ISNA(E20)),NA(),E20),NA()))
L21: =IF('Employees'!B19="","",'Employees'!B19) | M21: =IF(OR(L21="",SkillSetFilter="",DashToYear=""),"",IF(COUNTIFS(DataEmployee,L21,DataSkill,SkillSetFilter,DataYear,DashToYear,DataRating,">=1")=0,"",SUMIFS(DataRating,DataEmployee,L21,DataSkill,SkillSetFilter,DataYear,DashToYear))) | N21: =IF(OR(L21="",SkillSetFilter="",DashFromYear=""),"",IF(COUNTIFS(DataEmployee,L21,DataSkill,SkillSetFilter,DataYear,DashFromYear,DataRating,">=1")=0,"",SUMIFS(DataRating,DataEmployee,L21,DataSkill,SkillSetFilter,DataYear,DashFromYear))) | Q21: =IF(OR(L21="",M21=""),"",RANK(M21,$M$8:$M$23,0)+COUNTIF($M$8:M21,M21)-1) | S21: =IFERROR(INDEX($L$8:$L$23,MATCH(14,$Q$8:$Q$23,0)),"") | T21: =IFERROR(INDEX($M$8:$M$23,MATCH(14,$Q$8:$Q$23,0)),"")
L22: =IF('Employees'!B20="","",'Employees'!B20) | M22: =IF(OR(L22="",SkillSetFilter="",DashToYear=""),"",IF(COUNTIFS(DataEmployee,L22,DataSkill,SkillSetFilter,DataYear,DashToYear,DataRating,">=1")=0,"",SUMIFS(DataRating,DataEmployee,L22,DataSkill,SkillSetFilter,DataYear,DashToYear))) | N22: =IF(OR(L22="",SkillSetFilter="",DashFromYear=""),"",IF(COUNTIFS(DataEmployee,L22,DataSkill,SkillSetFilter,DataYear,DashFromYear,DataRating,">=1")=0,"",SUMIFS(DataRating,DataEmployee,L22,DataSkill,SkillSetFilter,DataYear,DashFromYear))) | Q22: =IF(OR(L22="",M22=""),"",RANK(M22,$M$8:$M$23,0)+COUNTIF($M$8:M22,M22)-1) | S22: =IFERROR(INDEX($L$8:$L$23,MATCH(15,$Q$8:$Q$23,0)),"") | T22: =IFERROR(INDEX($M$8:$M$23,MATCH(15,$Q$8:$Q$23,0)),"")
L23: =IF('Employees'!B21="","",'Employees'!B21) | M23: =IF(OR(L23="",SkillSetFilter="",DashToYear=""),"",IF(COUNTIFS(DataEmployee,L23,DataSkill,SkillSetFilter,DataYear,DashToYear,DataRating,">=1")=0,"",SUMIFS(DataRating,DataEmployee,L23,DataSkill,SkillSetFilter,DataYear,DashToYear))) | N23: =IF(OR(L23="",SkillSetFilter="",DashFromYear=""),"",IF(COUNTIFS(DataEmployee,L23,DataSkill,SkillSetFilter,DataYear,DashFromYear,DataRating,">=1")=0,"",SUMIFS(DataRating,DataEmployee,L23,DataSkill,SkillSetFilter,DataYear,DashFromYear))) | Q23: =IF(OR(L23="",M23=""),"",RANK(M23,$M$8:$M$23,0)+COUNTIF($M$8:M23,M23)-1) | S23: =IFERROR(INDEX($L$8:$L$23,MATCH(16,$Q$8:$Q$23,0)),"") | T23: =IFERROR(INDEX($M$8:$M$23,MATCH(16,$Q$8:$Q$23,0)),"")
